Month,Project name,Project ID,Project number,Project hierarchy,List cost ($),Negotiated savings ($),Savings programs ($),Other savings ($),Unrounded subtotal ($),Subtotal ($)
2026-02,Project 001,project-001,000000000001,Hierarchy 001,30057.52,0.00,-4876.24,-937.08,24244.200000,24244.20
2026-02,Project 002,project-002,000000000002,Hierarchy 001,8801.66,0.00,-1486.50,-234.76,7080.400000,7080.40
2026-02,Project 003,project-003,000000000003,Hierarchy 002,4746.59,0.00,-1352.41,-217.90,3176.280000,3176.28
2026-02,Project 004,project-004,000000000004,Hierarchy 003,5086.46,0.00,-2009.47,-47.36,3029.630000,3029.63
2026-02,Project 005,project-005,000000000005,Hierarchy 001,3932.64,0.00,-962.62,-179.43,2790.590000,2790.59
2026-02,Project 006,project-006,000000000006,Hierarchy 004,3199.40,0.00,-917.83,-84.77,2196.800000,2196.80
2026-02,Project 007,project-007,000000000007,Hierarchy 003,2595.33,0.00,-558.56,-27.83,2008.940000,2008.94
2026-02,Project 008,project-008,000000000008,Hierarchy 002,2276.26,0.00,-447.90,-94.62,1733.740000,1733.74
2026-02,Project 009,project-009,000000000009,Hierarchy 005,272.11,0.00,-55.64,-14.34,202.130000,202.13
2026-02,Project 010,project-010,000000000010,Hierarchy 006,173.59,0.00,0.00,0.00,173.590000,173.59
2026-02,Project 011,project-011,000000000011,Hierarchy 007,152.80,0.00,0.00,0.00,152.800000,152.80
2026-02,Project 012,project-012,000000000012,Hierarchy 008,19.43,0.00,0.00,0.00,19.430000,19.43
2026-02,Project 013,project-013,000000000013,Hierarchy 009,4.83,0.00,0.00,0.00,4.830000,4.83
2026-02,Project 014,project-014,000000000014,Hierarchy 004,3.26,0.00,0.00,0.00,3.260000,3.26
2026-02,Project 015,project-015,000000000015,Hierarchy 010,0.62,0.00,0.00,0.00,0.620000,0.62
2026-02,Project 016,project-016,000000000016,Hierarchy 011,0.24,0.00,0.00,0.00,0.240000,0.24
2026-02,Project 017,project-017,000000000017,Hierarchy 012,0.16,0.00,0.00,0.00,0.160000,0.16
2026-02,Project 018,project-018,000000000018,Hierarchy 010,0.09,0.00,0.00,0.00,0.090000,0.09
2026-02,Project 019,project-019,000000000019,Hierarchy 013,0.03,0.00,0.00,0.00,0.030000,0.03
2026-02,Project 020,project-020,000000000020,Hierarchy 014,0.02,0.00,0.00,0.00,0.020000,0.02
2026-02,Project 021,project-021,000000000021,Hierarchy 015,0.01,0.00,0.00,0.00,0.010000,0.01
2026-02,Project 022,project-022,000000000022,Hierarchy 006,0.01,0.00,0.00,0.00,0.010000,0.01
2026-02,Project 023,project-023,000000000023,Hierarchy 014,0.00,0.00,0.00,0.00,0.000000,0.00
2026-02,Project 024,project-024,000000000024,Hierarchy 012,0.00,0.00,0.00,0.00,0.000000,0.00
2026-01,Project 001,project-001,000000000001,Hierarchy 001,29654.06,0.00,-6217.61,-1099.65,22336.800000,22336.80
2026-01,Project 002,project-002,000000000002,Hierarchy 001,8686.61,0.00,-1513.88,-226.42,6946.310000,6946.31
2026-01,Project 003,project-003,000000000003,Hierarchy 002,5808.20,0.00,-1671.08,-252.49,3884.630000,3884.63
2026-01,Project 004,project-004,000000000004,Hierarchy 003,5805.39,0.00,-2007.63,-80.03,3717.730000,3717.73
2026-01,Project 005,project-005,000000000005,Hierarchy 001,4305.38,0.00,-976.91,-198.34,3130.130000,3130.13
2026-01,Project 006,project-006,000000000006,Hierarchy 004,3553.28,0.00,-1001.77,-100.14,2451.370000,2451.37
2026-01,Project 007,project-007,000000000007,Hierarchy 003,3092.13,0.00,-783.39,-55.46,2253.280000,2253.28
2026-01,Project 008,project-008,000000000008,Hierarchy 002,2535.70,0.00,-547.93,-106.22,1881.550000,1881.55
2026-01,Project 009,project-009,000000000009,Hierarchy 005,315.60,0.00,-64.92,-16.70,233.980000,233.98
2026-01,Project 010,project-010,000000000010,Hierarchy 006,169.07,0.00,0.00,0.00,169.070000,169.07
2026-01,Project 011,project-011,000000000011,Hierarchy 007,150.69,0.00,0.00,0.00,150.690000,150.69
2026-01,Project 029,project-029,000000000029,Hierarchy 002,40.19,0.00,0.00,0.00,40.190000,40.19
2026-01,Project 030,project-030,000000000030,Hierarchy 003,39.20,0.00,0.00,0.00,39.200000,39.20
2026-01,Project 012,project-012,000000000012,Hierarchy 008,25.56,0.00,0.00,0.00,25.560000,25.56
2026-01,Project 013,project-013,000000000013,Hierarchy 009,5.29,0.00,0.00,0.00,5.290000,5.29
2026-01,Project 014,project-014,000000000014,Hierarchy 004,3.33,0.00,0.00,0.00,3.330000,3.33
2026-01,Project 015,project-015,000000000015,Hierarchy 010,0.58,0.00,0.00,0.00,0.580000,0.58
2026-01,Project 016,project-016,000000000016,Hierarchy 011,0.25,0.00,0.00,0.00,0.250000,0.25
2026-01,Project 017,project-017,000000000017,Hierarchy 012,0.16,0.00,0.00,0.00,0.160000,0.16
2026-01,Project 018,project-018,000000000018,Hierarchy 010,0.09,0.00,0.00,0.00,0.090000,0.09
2026-01,Project 019,project-019,000000000019,Hierarchy 013,0.03,0.00,0.00,0.00,0.030000,0.03
2026-01,Project 020,project-020,000000000020,Hierarchy 014,0.02,0.00,0.00,0.00,0.020000,0.02
2026-01,Project 021,project-021,000000000021,Hierarchy 015,0.01,0.00,0.00,0.00,0.010000,0.01
2026-01,Project 022,project-022,000000000022,Hierarchy 006,0.01,0.00,0.00,0.00,0.010000,0.01
2026-01,Project 023,project-023,000000000023,Hierarchy 014,0.00,0.00,0.00,0.00,0.000000,0.00
2026-01,Project 024,project-024,000000000024,Hierarchy 012,0.00,0.00,0.00,0.00,0.000000,0.00
2025-12,Project 001,project-001,000000000001,Hierarchy 001,33974.88,0.00,-6336.44,-688.17,26950.270000,26950.27
2025-12,Project 002,project-002,000000000002,Hierarchy 001,8479.07,0.00,-1314.14,-173.78,6991.150000,6991.15
2025-12,Project 003,project-003,000000000003,Hierarchy 002,5656.66,0.00,-1653.57,-165.20,3837.890000,3837.89
2025-12,Project 004,project-004,000000000004,Hierarchy 003,5222.58,0.00,-1904.53,-42.88,3275.170000,3275.17
2025-12,Project 005,project-005,000000000005,Hierarchy 001,4489.39,0.00,-1238.71,-160.18,3090.500000,3090.50
2025-12,Project 006,project-006,000000000006,Hierarchy 004,3450.79,0.00,-1002.41,-79.02,2369.360000,2369.36
2025-12,Project 007,project-007,000000000007,Hierarchy 003,3402.91,0.00,-943.60,-33.06,2426.250000,2426.25
2025-12,Project 008,project-008,000000000008,Hierarchy 002,2389.09,0.00,-560.50,-93.32,1735.270000,1735.27
2025-12,Project 009,project-009,000000000009,Hierarchy 005,276.43,0.00,-73.08,-12.35,191.000000,191.00
2025-12,Project 010,project-010,000000000010,Hierarchy 006,143.94,0.00,0.00,0.00,143.940000,143.94
2025-12,Project 011,project-011,000000000011,Hierarchy 007,133.18,0.00,0.00,0.00,133.180000,133.18
2025-12,Project 030,project-030,000000000030,Hierarchy 003,84.65,0.00,-17.42,-0.10,67.130000,67.13
2025-12,Project 029,project-029,000000000029,Hierarchy 002,68.23,0.00,0.00,0.00,68.230000,68.23
2025-12,Project 010,project-010,000000000010,Hierarchy 016,28.79,0.00,0.00,0.00,28.790000,28.79
2025-12,Project 012,project-012,000000000012,Hierarchy 008,24.51,0.00,0.00,0.00,24.510000,24.51
2025-12,Project 011,project-011,000000000011,Hierarchy 017,22.87,0.00,0.00,0.00,22.870000,22.87
2025-12,Project 013,project-013,000000000013,Hierarchy 009,5.32,0.00,0.00,0.00,5.320000,5.32
2025-12,Project 014,project-014,000000000014,Hierarchy 004,3.11,0.00,0.00,0.00,3.110000,3.11
2025-12,Project 015,project-015,000000000015,Hierarchy 010,0.67,0.00,0.00,0.00,0.670000,0.67
2025-12,Project 016,project-016,000000000016,Hierarchy 011,0.25,0.00,0.00,0.00,0.250000,0.25
2025-12,Project 017,project-017,000000000017,Hierarchy 012,0.17,0.00,0.00,0.00,0.170000,0.17
2025-12,Project 018,project-018,000000000018,Hierarchy 010,0.08,0.00,0.00,0.00,0.080000,0.08
2025-12,Project 019,project-019,000000000019,Hierarchy 013,0.03,0.00,0.00,0.00,0.030000,0.03
2025-12,Project 020,project-020,000000000020,Hierarchy 014,0.02,0.00,0.00,0.00,0.020000,0.02
2025-12,Project 021,project-021,000000000021,Hierarchy 015,0.01,0.00,0.00,0.00,0.010000,0.01
2025-12,Project 022,project-022,000000000022,Hierarchy 006,0.01,0.00,0.00,0.00,0.010000,0.01
2025-12,Project 022,project-022,000000000022,Hierarchy 016,0.00,0.00,0.00,0.00,0.000000,0.00
2025-12,Project 024,project-024,000000000024,Hierarchy 012,0.00,0.00,0.00,0.00,0.000000,0.00
2025-12,Project 023,project-023,000000000023,Hierarchy 014,0.00,0.00,0.00,0.00,0.000000,0.00
2025-11,Project 001,project-001,000000000001,Hierarchy 001,32227.38,0.00,-7876.72,-553.51,23797.150000,23797.15
2025-11,Project 002,project-002,000000000002,Hierarchy 001,9219.46,0.00,-1838.43,-145.29,7235.740000,7235.74
2025-11,Project 003,project-003,000000000003,Hierarchy 002,6341.94,0.00,-2069.82,-119.46,4152.660000,4152.66
2025-11,Project 004,project-004,000000000004,Hierarchy 003,5117.28,0.00,-2114.76,-25.05,2977.470000,2977.47
2025-11,Project 005,project-005,000000000005,Hierarchy 001,4697.23,0.00,-1454.76,-122.39,3120.080000,3120.08
2025-11,Project 006,project-006,000000000006,Hierarchy 004,3427.21,0.00,-1091.26,-48.14,2287.810000,2287.81
2025-11,Project 007,project-007,000000000007,Hierarchy 003,2941.58,0.00,-1027.22,-15.80,1898.560000,1898.56
2025-11,Project 008,project-008,000000000008,Hierarchy 002,2390.29,0.00,-662.15,-57.32,1670.820000,1670.82
2025-11,Project 030,project-030,000000000030,Hierarchy 003,514.61,0.00,-197.94,-5.74,310.930000,310.93
2025-11,Project 029,project-029,000000000029,Hierarchy 002,416.66,0.00,-122.86,-9.82,283.980000,283.98
2025-11,Project 009,project-009,000000000009,Hierarchy 005,281.25,0.00,-101.09,-8.59,171.570000,171.57
2025-11,Project 010,project-010,000000000010,Hierarchy 016,197.87,0.00,0.00,0.00,197.870000,197.87
2025-11,Project 011,project-011,000000000011,Hierarchy 017,169.41,0.00,0.00,0.00,169.410000,169.41
2025-11,Project 012,project-012,000000000012,Hierarchy 008,27.55,0.00,0.00,0.00,27.550000,27.55
2025-11,Project 013,project-013,000000000013,Hierarchy 009,4.70,0.00,0.00,0.00,4.700000,4.70
2025-11,Project 014,project-014,000000000014,Hierarchy 004,2.83,0.00,0.00,0.00,2.830000,2.83
2025-11,Project 015,project-015,000000000015,Hierarchy 010,0.56,0.00,0.00,0.00,0.560000,0.56
2025-11,Project 016,project-016,000000000016,Hierarchy 011,0.24,0.00,0.00,0.00,0.240000,0.24
2025-11,Project 017,project-017,000000000017,Hierarchy 012,0.17,0.00,0.00,0.00,0.170000,0.17
2025-11,Project 018,project-018,000000000018,Hierarchy 010,0.11,0.00,0.00,0.00,0.110000,0.11
2025-11,Project 019,project-019,000000000019,Hierarchy 013,0.03,0.00,0.00,0.00,0.030000,0.03
2025-11,Project 020,project-020,000000000020,Hierarchy 014,0.02,0.00,0.00,0.00,0.020000,0.02
2025-11,Project 021,project-021,000000000021,Hierarchy 015,0.01,0.00,0.00,0.00,0.010000,0.01
2025-11,Project 022,project-022,000000000022,Hierarchy 016,0.01,0.00,0.00,0.00,0.010000,0.01
2025-11,Project 024,project-024,000000000024,Hierarchy 012,0.00,0.00,0.00,0.00,0.000000,0.00
2025-11,Project 023,project-023,000000000023,Hierarchy 014,0.00,0.00,0.00,0.00,0.000000,0.00
2025-10,Project 001,project-001,000000000001,Hierarchy 001,24230.04,0.00,-5460.12,-495.87,18274.050000,18274.05
2025-10,Project 001,project-001,000000000001,Hierarchy 018,8133.92,0.00,-1789.26,-32.98,6311.680000,6311.68
2025-10,Project 002,project-002,000000000002,Hierarchy 001,7027.11,0.00,-1666.04,-147.10,5213.970000,5213.97
2025-10,Project 003,project-003,000000000003,Hierarchy 002,4791.82,0.00,-1784.10,-107.00,2900.720000,2900.72
2025-10,Project 005,project-005,000000000005,Hierarchy 001,3686.87,0.00,-1233.50,-119.96,2333.410000,2333.41
2025-10,Project 004,project-004,000000000004,Hierarchy 003,4726.90,0.00,-1817.83,-22.83,2886.240000,2886.24
2025-10,Project 002,project-002,000000000002,Hierarchy 018,2203.12,0.00,-430.59,-15.82,1756.710000,1756.71
2025-10,Project 006,project-006,000000000006,Hierarchy 004,2387.35,0.00,-992.06,-49.64,1345.650000,1345.65
2025-10,Project 007,project-007,000000000007,Hierarchy 003,2542.35,0.00,-892.76,-15.44,1634.150000,1634.15
2025-10,Project 008,project-008,000000000008,Hierarchy 002,1820.95,0.00,-520.69,-59.11,1241.150000,1241.15
2025-10,Project 003,project-003,000000000003,Hierarchy 019,1434.13,0.00,-501.69,-11.08,921.360000,921.36
2025-10,Project 004,project-004,000000000004,Hierarchy 020,1266.82,0.00,-531.64,-5.01,730.170000,730.17
2025-10,Project 005,project-005,000000000005,Hierarchy 018,1127.01,0.00,-306.16,-7.97,812.880000,812.88
2025-10,Project 006,project-006,000000000006,Hierarchy 021,746.21,0.00,-268.77,-6.60,470.840000,470.84
2025-10,Project 007,project-007,000000000007,Hierarchy 020,700.48,0.00,-245.34,-4.29,450.850000,450.85
2025-10,Project 008,project-008,000000000008,Hierarchy 019,622.63,0.00,-158.37,-5.09,459.170000,459.17
2025-10,Project 030,project-030,000000000030,Hierarchy 003,376.57,0.00,-162.49,-4.82,209.260000,209.26
2025-10,Project 029,project-029,000000000029,Hierarchy 002,349.15,0.00,-113.35,-12.00,223.800000,223.80
2025-10,Project 010,project-010,000000000010,Hierarchy 016,183.04,0.00,0.00,0.00,183.040000,183.04
2025-10,Project 009,project-009,000000000009,Hierarchy 005,238.35,0.00,-65.83,-8.71,163.810000,163.81
2025-10,Project 011,project-011,000000000011,Hierarchy 017,160.05,0.00,0.00,0.00,160.050000,160.05
2025-10,Project 030,project-030,000000000030,Hierarchy 020,132.91,0.00,-43.17,-1.99,87.750000,87.75
2025-10,Project 029,project-029,000000000029,Hierarchy 019,99.94,0.00,-38.52,-1.99,59.430000,59.43
2025-10,Project 009,project-009,000000000009,Hierarchy 022,76.22,0.00,-21.21,-0.68,54.330000,54.33
2025-10,Project 012,project-012,000000000012,Hierarchy 008,22.01,0.00,0.00,0.00,22.010000,22.01
2025-10,Project 012,project-012,000000000012,Hierarchy 023,6.89,0.00,0.00,0.00,6.890000,6.89
2025-10,Project 013,project-013,000000000013,Hierarchy 009,3.97,0.00,0.00,0.00,3.970000,3.97
2025-10,Project 014,project-014,000000000014,Hierarchy 004,2.31,0.00,0.00,0.00,2.310000,2.31
2025-10,Project 013,project-013,000000000013,Hierarchy 024,1.14,0.00,0.00,0.00,1.140000,1.14
2025-10,Project 014,project-014,000000000014,Hierarchy 021,0.83,0.00,0.00,0.00,0.830000,0.83
2025-10,Project 015,project-015,000000000015,Hierarchy 010,0.50,0.00,0.00,0.00,0.500000,0.50
2025-10,Project 016,project-016,000000000016,Hierarchy 011,0.18,0.00,0.00,0.00,0.180000,0.18
2025-10,Project 015,project-015,000000000015,Hierarchy 025,0.16,0.00,0.00,0.00,0.160000,0.16
2025-10,Project 017,project-017,000000000017,Hierarchy 012,0.14,0.00,0.00,0.00,0.140000,0.14
2025-10,Project 018,project-018,000000000018,Hierarchy 010,0.10,0.00,0.00,0.00,0.100000,0.10
2025-10,Project 018,project-018,000000000018,Hierarchy 025,0.07,0.00,0.00,0.00,0.070000,0.07
2025-10,Project 016,project-016,000000000016,Hierarchy 026,0.06,0.00,0.00,0.00,0.060000,0.06
2025-10,Project 017,project-017,000000000017,Hierarchy 027,0.04,0.00,0.00,0.00,0.040000,0.04
2025-10,Project 019,project-019,000000000019,Hierarchy 013,0.02,0.00,0.00,0.00,0.020000,0.02
2025-10,Project 020,project-020,000000000020,Hierarchy 014,0.02,0.00,0.00,0.00,0.020000,0.02
2025-10,Project 024,project-024,000000000024,Hierarchy 012,0.01,0.00,0.00,0.00,0.010000,0.01
2025-10,Project 021,project-021,000000000021,Hierarchy 015,0.01,0.00,0.00,0.00,0.010000,0.01
2025-10,Project 019,project-019,000000000019,Hierarchy 028,0.01,0.00,0.00,0.00,0.010000,0.01
2025-10,Project 022,project-022,000000000022,Hierarchy 016,0.01,0.00,0.00,0.00,0.010000,0.01
2025-10,Project 020,project-020,000000000020,Hierarchy 029,0.01,0.00,0.00,0.00,0.010000,0.01
2025-10,Project 021,project-021,000000000021,Hierarchy 030,0.00,0.00,0.00,0.00,0.000000,0.00
2025-10,Project 023,project-023,000000000023,Hierarchy 014,0.00,0.00,0.00,0.00,0.000000,0.00
2025-10,Project 023,project-023,000000000023,Hierarchy 029,0.00,0.00,0.00,0.00,0.000000,0.00
2025-09,Project 001,project-001,000000000001,Hierarchy 018,24760.68,0.00,-6412.94,-311.70,18036.040000,18036.04
2025-09,Project 002,project-002,000000000002,Hierarchy 018,7780.63,0.00,-1678.57,-108.30,5993.760000,5993.76
2025-09,Project 004,project-004,000000000004,Hierarchy 020,8001.72,0.00,-1739.13,-16.83,6245.760000,6245.76
2025-09,Project 001,project-001,000000000001,Hierarchy 001,7009.54,0.00,-1496.24,-201.43,5311.870000,5311.87
2025-09,Project 003,project-003,000000000003,Hierarchy 019,4456.91,0.00,-1819.50,-73.94,2563.470000,2563.47
2025-09,Project 005,project-005,000000000005,Hierarchy 018,4076.21,0.00,-1084.42,-83.54,2908.250000,2908.25
2025-09,Project 006,project-006,000000000006,Hierarchy 021,2530.94,0.00,-789.28,-37.70,1703.960000,1703.96
2025-09,Project 007,project-007,000000000007,Hierarchy 020,2589.57,0.00,-823.59,-13.80,1752.180000,1752.18
2025-09,Project 002,project-002,000000000002,Hierarchy 001,2030.76,0.00,-393.11,-53.35,1584.300000,1584.30
2025-09,Project 008,project-008,000000000008,Hierarchy 019,1944.98,0.00,-526.36,-42.34,1376.280000,1376.28
2025-09,Project 004,project-004,000000000004,Hierarchy 003,1390.34,0.00,-441.76,-5.07,943.510000,943.51
2025-09,Project 003,project-003,000000000003,Hierarchy 002,1268.33,0.00,-439.16,-44.59,784.580000,784.58
2025-09,Project 005,project-005,000000000005,Hierarchy 001,1060.84,0.00,-318.93,-52.52,689.390000,689.39
2025-09,Project 030,project-030,000000000030,Hierarchy 020,748.12,0.00,-215.48,-7.57,525.070000,525.07
2025-09,Project 029,project-029,000000000029,Hierarchy 019,756.39,0.00,-182.63,-16.43,557.330000,557.33
2025-09,Project 006,project-006,000000000006,Hierarchy 004,814.75,0.00,-253.70,-17.36,543.690000,543.69
2025-09,Project 007,project-007,000000000007,Hierarchy 003,685.94,0.00,-193.59,-3.11,489.240000,489.24
2025-09,Project 008,project-008,000000000008,Hierarchy 002,517.89,0.00,-142.26,-24.18,351.450000,351.45
2025-09,Project 010,project-010,000000000010,Hierarchy 016,170.57,0.00,0.00,0.00,170.570000,170.57
2025-09,Project 009,project-009,000000000009,Hierarchy 022,247.16,0.00,-72.21,-5.48,169.470000,169.47
2025-09,Project 030,project-030,000000000030,Hierarchy 003,224.99,0.00,-76.45,-1.32,147.220000,147.22
2025-09,Project 011,project-011,000000000011,Hierarchy 017,163.06,0.00,0.00,0.00,163.060000,163.06
2025-09,Project 029,project-029,000000000029,Hierarchy 002,195.41,0.00,-66.53,-7.53,121.350000,121.35
2025-09,Project 009,project-009,000000000009,Hierarchy 005,59.83,0.00,-18.50,-3.40,37.930000,37.93
2025-09,Project 012,project-012,000000000012,Hierarchy 023,21.67,0.00,0.00,0.00,21.670000,21.67
2025-09,Project 012,project-012,000000000012,Hierarchy 008,5.66,0.00,0.00,0.00,5.660000,5.66
2025-09,Project 013,project-013,000000000013,Hierarchy 024,4.14,0.00,0.00,0.00,4.140000,4.14
2025-09,Project 014,project-014,000000000014,Hierarchy 021,2.40,0.00,0.00,0.00,2.400000,2.40
2025-09,Project 013,project-013,000000000013,Hierarchy 009,1.10,0.00,0.00,0.00,1.100000,1.10
2025-09,Project 014,project-014,000000000014,Hierarchy 004,0.73,0.00,0.00,0.00,0.730000,0.73
2025-09,Project 015,project-015,000000000015,Hierarchy 025,0.50,0.00,0.00,0.00,0.500000,0.50
2025-09,Project 016,project-016,000000000016,Hierarchy 026,0.18,0.00,0.00,0.00,0.180000,0.18
2025-09,Project 015,project-015,000000000015,Hierarchy 010,0.12,0.00,0.00,0.00,0.120000,0.12
2025-09,Project 017,project-017,000000000017,Hierarchy 027,0.12,0.00,0.00,0.00,0.120000,0.12
2025-09,Project 018,project-018,000000000018,Hierarchy 010,0.11,0.00,0.00,0.00,0.110000,0.11
2025-09,Project 018,project-018,000000000018,Hierarchy 025,0.09,0.00,0.00,0.00,0.090000,0.09
2025-09,Project 016,project-016,000000000016,Hierarchy 011,0.05,0.00,0.00,0.00,0.050000,0.05
2025-09,Project 017,project-017,000000000017,Hierarchy 012,0.03,0.00,0.00,0.00,0.030000,0.03
2025-09,Project 020,project-020,000000000020,Hierarchy 029,0.02,0.00,0.00,0.00,0.020000,0.02
2025-09,Project 019,project-019,000000000019,Hierarchy 028,0.02,0.00,0.00,0.00,0.020000,0.02
2025-09,Project 021,project-021,000000000021,Hierarchy 030,0.01,0.00,0.00,0.00,0.010000,0.01
2025-09,Project 022,project-022,000000000022,Hierarchy 016,0.01,0.00,0.00,0.00,0.010000,0.01
2025-09,Project 019,project-019,000000000019,Hierarchy 013,0.00,0.00,0.00,0.00,0.000000,0.00
2025-09,Project 020,project-020,000000000020,Hierarchy 014,0.00,0.00,0.00,0.00,0.000000,0.00
2025-09,Project 021,project-021,000000000021,Hierarchy 015,0.00,0.00,0.00,0.00,0.000000,0.00
2025-09,Project 023,project-023,000000000023,Hierarchy 029,0.00,0.00,0.00,0.00,0.000000,0.00
2025-09,Project 023,project-023,000000000023,Hierarchy 014,0.00,0.00,0.00,0.00,0.000000,0.00
2025-08,Project 001,project-001,000000000001,Hierarchy 018,32013.34,0.00,-8935.40,-758.43,22319.510000,22319.51
2025-08,Project 002,project-002,000000000002,Hierarchy 018,9593.86,0.00,-1946.54,-156.89,7490.430000,7490.43
2025-08,Project 004,project-004,000000000004,Hierarchy 020,8807.84,0.00,-2296.09,-30.16,6481.590000,6481.59
2025-08,Project 003,project-003,000000000003,Hierarchy 019,5599.13,0.00,-2198.26,-134.50,3266.370000,3266.37
2025-08,Project 005,project-005,000000000005,Hierarchy 018,4490.71,0.00,-1452.10,-149.21,2889.400000,2889.40
2025-08,Project 006,project-006,000000000006,Hierarchy 021,3063.43,0.00,-1150.09,-50.85,1862.490000,1862.49
2025-08,Project 007,project-007,000000000007,Hierarchy 020,3181.70,0.00,-937.79,-19.74,2224.170000,2224.17
2025-08,Project 008,project-008,000000000008,Hierarchy 019,2277.78,0.00,-728.17,-60.89,1488.720000,1488.72
2025-08,Project 030,project-030,000000000030,Hierarchy 020,1033.28,0.00,-356.57,-9.21,667.500000,667.50
2025-08,Project 029,project-029,000000000029,Hierarchy 019,896.58,0.00,-254.42,-24.50,617.660000,617.66
2025-08,Project 009,project-009,000000000009,Hierarchy 022,296.30,0.00,-85.80,-10.31,200.190000,200.19
2025-08,Project 010,project-010,000000000010,Hierarchy 016,195.09,0.00,0.00,0.00,195.090000,195.09
2025-08,Project 011,project-011,000000000011,Hierarchy 017,148.66,0.00,0.00,0.00,148.660000,148.66
2025-08,Project 012,project-012,000000000012,Hierarchy 023,29.12,0.00,0.00,0.00,29.120000,29.12
2025-08,Project 013,project-013,000000000013,Hierarchy 024,5.64,0.00,0.00,0.00,5.640000,5.64
2025-08,Project 014,project-014,000000000014,Hierarchy 021,3.40,0.00,0.00,0.00,3.400000,3.40
2025-08,Project 015,project-015,000000000015,Hierarchy 025,0.78,0.00,0.00,0.00,0.780000,0.78
2025-08,Project 016,project-016,000000000016,Hierarchy 026,0.23,0.00,0.00,0.00,0.230000,0.23
2025-08,Project 017,project-017,000000000017,Hierarchy 027,0.17,0.00,0.00,0.00,0.170000,0.17
2025-08,Project 018,project-018,000000000018,Hierarchy 025,0.07,0.00,0.00,0.00,0.070000,0.07
2025-08,Project 019,project-019,000000000019,Hierarchy 028,0.03,0.00,0.00,0.00,0.030000,0.03
2025-08,Project 020,project-020,000000000020,Hierarchy 029,0.02,0.00,0.00,0.00,0.020000,0.02
2025-08,Project 021,project-021,000000000021,Hierarchy 030,0.01,0.00,0.00,0.00,0.010000,0.01
2025-08,Project 022,project-022,000000000022,Hierarchy 016,0.00,0.00,0.00,0.00,0.000000,0.00
2025-08,Project 024,project-024,000000000024,Hierarchy 027,0.00,0.00,0.00,0.00,0.000000,0.00
2025-08,Project 023,project-023,000000000023,Hierarchy 029,0.00,0.00,0.00,0.00,0.000000,0.00
2025-07,Project 001,project-001,000000000001,Hierarchy 018,35662.85,0.00,-8424.83,-632.96,26605.060000,26605.06
2025-07,Project 002,project-002,000000000002,Hierarchy 018,9220.74,0.00,-1804.38,-164.79,7251.570000,7251.57
2025-07,Project 003,project-003,000000000003,Hierarchy 019,6051.25,0.00,-2224.55,-136.35,3690.350000,3690.35
2025-07,Project 004,project-004,000000000004,Hierarchy 020,5603.37,0.00,-2256.73,-24.23,3322.410000,3322.41
2025-07,Project 005,project-005,000000000005,Hierarchy 018,5156.91,0.00,-1529.35,-141.71,3485.850000,3485.85
2025-07,Project 006,project-006,000000000006,Hierarchy 021,3332.08,0.00,-1198.35,-55.88,2077.850000,2077.85
2025-07,Project 007,project-007,000000000007,Hierarchy 020,3041.32,0.00,-1057.77,-17.91,1965.640000,1965.64
2025-07,Project 008,project-008,000000000008,Hierarchy 019,2433.08,0.00,-689.22,-66.85,1677.010000,1677.01
2025-07,Project 030,project-030,000000000030,Hierarchy 020,1354.74,0.00,-391.16,-10.11,953.470000,953.47
2025-07,Project 029,project-029,000000000029,Hierarchy 019,1118.08,0.00,-316.17,-33.72,768.190000,768.19
2025-07,Project 009,project-009,000000000009,Hierarchy 022,288.97,0.00,-83.90,-10.62,194.450000,194.45
2025-07,Project 010,project-010,000000000010,Hierarchy 016,200.14,0.00,0.00,0.00,200.140000,200.14
2025-07,Project 011,project-011,000000000011,Hierarchy 017,149.17,0.00,0.00,0.00,149.170000,149.17
2025-07,Project 012,project-012,000000000012,Hierarchy 023,26.23,0.00,0.00,0.00,26.230000,26.23
2025-07,Project 013,project-013,000000000013,Hierarchy 024,5.01,0.00,0.00,0.00,5.010000,5.01
2025-07,Project 014,project-014,000000000014,Hierarchy 021,3.18,0.00,0.00,0.00,3.180000,3.18
2025-07,Project 015,project-015,000000000015,Hierarchy 025,0.75,0.00,0.00,0.00,0.750000,0.75
2025-07,Project 016,project-016,000000000016,Hierarchy 026,0.26,0.00,0.00,0.00,0.260000,0.26
2025-07,Project 017,project-017,000000000017,Hierarchy 027,0.17,0.00,0.00,0.00,0.170000,0.17
2025-07,Project 018,project-018,000000000018,Hierarchy 025,0.08,0.00,0.00,0.00,0.080000,0.08
2025-07,Project 019,project-019,000000000019,Hierarchy 028,0.03,0.00,0.00,0.00,0.030000,0.03
2025-07,Project 020,project-020,000000000020,Hierarchy 029,0.02,0.00,0.00,0.00,0.020000,0.02
2025-07,Project 021,project-021,000000000021,Hierarchy 030,0.01,0.00,0.00,0.00,0.010000,0.01
2025-07,Project 022,project-022,000000000022,Hierarchy 016,0.01,0.00,0.00,0.00,0.010000,0.01
2025-07,Project 024,project-024,000000000024,Hierarchy 027,0.00,0.00,0.00,0.00,0.000000,0.00
2025-07,Project 027,,,,-2.31,0.00,0.00,0.00,-2.310000,-2.31
2025-06,Project 001,project-001,000000000001,Hierarchy 018,30914.28,0.00,-7866.28,-620.28,22427.720000,22427.72
2025-06,Project 002,project-002,000000000002,Hierarchy 018,9434.94,0.00,-1872.49,-165.78,7396.670000,7396.67
2025-06,Project 003,project-003,000000000003,Hierarchy 019,6332.80,0.00,-1895.08,-110.90,4326.820000,4326.82
2025-06,Project 004,project-004,000000000004,Hierarchy 020,5069.69,0.00,-2013.36,-23.01,3033.320000,3033.32
2025-06,Project 005,project-005,000000000005,Hierarchy 018,4857.75,0.00,-1505.44,-124.14,3228.170000,3228.17
2025-06,Project 006,project-006,000000000006,Hierarchy 021,3740.06,0.00,-1182.96,-57.19,2499.910000,2499.91
2025-06,Project 007,project-007,000000000007,Hierarchy 020,2938.02,0.00,-1025.55,-15.76,1896.710000,1896.71
2025-06,Project 008,project-008,000000000008,Hierarchy 019,2728.35,0.00,-704.71,-59.44,1964.200000,1964.20
2025-06,Project 030,project-030,000000000030,Hierarchy 020,1171.31,0.00,-337.14,-8.25,825.920000,825.92
2025-06,Project 029,project-029,000000000029,Hierarchy 019,1066.98,0.00,-302.53,-25.27,739.180000,739.18
2025-06,Project 009,project-009,000000000009,Hierarchy 022,311.38,0.00,-92.06,-8.88,210.440000,210.44
2025-06,Project 010,project-010,000000000010,Hierarchy 016,177.25,0.00,0.00,0.00,177.250000,177.25
2025-06,Project 011,project-011,000000000011,Hierarchy 017,159.26,0.00,0.00,0.00,159.260000,159.26
2025-06,Project 012,project-012,000000000012,Hierarchy 023,24.71,0.00,0.00,0.00,24.710000,24.71
2025-06,Project 013,project-013,000000000013,Hierarchy 024,4.88,0.00,0.00,0.00,4.880000,4.88
2025-06,Project 014,project-014,000000000014,Hierarchy 021,2.95,0.00,0.00,0.00,2.950000,2.95
2025-06,Project 015,project-015,000000000015,Hierarchy 025,0.66,0.00,0.00,0.00,0.660000,0.66
2025-06,Project 016,project-016,000000000016,Hierarchy 026,0.25,0.00,0.00,0.00,0.250000,0.25
2025-06,Project 017,project-017,000000000017,Hierarchy 027,0.17,0.00,0.00,0.00,0.170000,0.17
2025-06,Project 018,project-018,000000000018,Hierarchy 025,0.09,0.00,0.00,0.00,0.090000,0.09
2025-06,Project 020,project-020,000000000020,Hierarchy 029,0.02,0.00,0.00,0.00,0.020000,0.02
2025-06,Project 019,project-019,000000000019,Hierarchy 028,0.02,0.00,0.00,0.00,0.020000,0.02
2025-06,Project 021,project-021,000000000021,Hierarchy 030,0.01,0.00,0.00,0.00,0.010000,0.01
2025-06,Project 022,project-022,000000000022,Hierarchy 016,0.01,0.00,0.00,0.00,0.010000,0.01
2025-06,Project 024,project-024,000000000024,Hierarchy 027,0.00,0.00,0.00,0.00,0.000000,0.00
2025-06,Project 023,project-023,000000000023,Hierarchy 029,0.00,0.00,0.00,0.00,0.000000,0.00
2025-06,Project 027,,,,0.00,0.00,0.00,0.00,0.000000,0.00
2025-05,Project 001,project-001,000000000001,Hierarchy 018,37295.98,0.00,-8645.71,-686.52,27963.750000,27963.75
2025-05,Project 002,project-002,000000000002,Hierarchy 018,10624.92,0.00,-2117.49,-166.72,8340.710000,8340.71
2025-05,Project 003,project-003,000000000003,Hierarchy 019,6093.16,0.00,-2101.46,-149.09,3842.610000,3842.61
2025-05,Project 004,project-004,000000000004,Hierarchy 020,5650.97,0.00,-1902.88,-25.91,3722.180000,3722.18
2025-05,Project 005,project-005,000000000005,Hierarchy 018,4941.98,0.00,-1361.14,-141.36,3439.480000,3439.48
2025-05,Project 006,project-006,000000000006,Hierarchy 021,3093.98,0.00,-1363.06,-57.27,1673.650000,1673.65
2025-05,Project 007,project-007,000000000007,Hierarchy 020,3339.23,0.00,-1047.54,-19.23,2272.460000,2272.46
2025-05,Project 008,project-008,000000000008,Hierarchy 019,2414.42,0.00,-718.93,-67.80,1627.690000,1627.69
2025-05,Project 030,project-030,000000000030,Hierarchy 020,1026.49,0.00,-364.73,-8.88,652.880000,652.88
2025-05,Project 029,project-029,000000000029,Hierarchy 019,1066.35,0.00,-300.02,-28.06,738.270000,738.27
2025-05,Project 009,project-009,000000000009,Hierarchy 022,297.24,0.00,-110.36,-11.44,175.440000,175.44
2025-05,Project 010,project-010,000000000010,Hierarchy 016,201.61,0.00,0.00,0.00,201.610000,201.61
2025-05,Project 011,project-011,000000000011,Hierarchy 017,167.74,0.00,0.00,0.00,167.740000,167.74
2025-05,Project 012,project-012,000000000012,Hierarchy 023,28.57,0.00,0.00,0.00,28.570000,28.57
2025-05,Project 013,project-013,000000000013,Hierarchy 024,4.94,0.00,0.00,0.00,4.940000,4.94
2025-05,Project 014,project-014,000000000014,Hierarchy 021,2.98,0.00,0.00,0.00,2.980000,2.98
2025-05,Project 015,project-015,000000000015,Hierarchy 025,0.76,0.00,0.00,0.00,0.760000,0.76
2025-05,Project 016,project-016,000000000016,Hierarchy 026,0.23,0.00,0.00,0.00,0.230000,0.23
2025-05,Project 017,project-017,000000000017,Hierarchy 027,0.14,0.00,0.00,0.00,0.140000,0.14
2025-05,Project 018,project-018,000000000018,Hierarchy 025,0.10,0.00,0.00,0.00,0.100000,0.10
2025-05,Project 020,project-020,000000000020,Hierarchy 029,0.02,0.00,0.00,0.00,0.020000,0.02
2025-05,Project 019,project-019,000000000019,Hierarchy 028,0.02,0.00,0.00,0.00,0.020000,0.02
2025-05,Project 021,project-021,000000000021,Hierarchy 030,0.01,0.00,0.00,0.00,0.010000,0.01
2025-05,Project 022,project-022,000000000022,Hierarchy 016,0.01,0.00,0.00,0.00,0.010000,0.01
2025-05,Project 024,project-024,000000000024,Hierarchy 027,0.00,0.00,0.00,0.00,0.000000,0.00
2025-05,Project 023,project-023,000000000023,Hierarchy 029,0.00,0.00,0.00,0.00,0.000000,0.00
2025-05,Project 027,,,,0.00,0.00,0.00,0.00,0.000000,0.00
2025-04,Project 001,project-001,000000000001,Hierarchy 018,34463.62,0.00,-7884.36,-3073.19,23506.070000,23506.07
2025-04,Project 002,project-002,000000000002,Hierarchy 018,11887.36,0.00,-2147.33,-319.38,9420.650000,9420.65
2025-04,Project 003,project-003,000000000003,Hierarchy 019,6416.05,0.00,-1937.42,-214.42,4264.210000,4264.21
2025-04,Project 005,project-005,000000000005,Hierarchy 018,4601.11,0.00,-1591.13,-206.62,2803.360000,2803.36
2025-04,Project 004,project-004,000000000004,Hierarchy 020,4907.52,0.00,-1994.56,-96.55,2816.410000,2816.41
2025-04,Project 007,project-007,000000000007,Hierarchy 020,3348.67,0.00,-1056.79,-30.56,2261.320000,2261.32
2025-04,Project 006,project-006,000000000006,Hierarchy 021,3043.85,0.00,-1196.77,-55.63,1791.450000,1791.45
2025-04,Project 008,project-008,000000000008,Hierarchy 019,2503.79,0.00,-781.97,-142.54,1579.280000,1579.28
2025-04,Project 030,project-030,000000000030,Hierarchy 020,1115.86,0.00,-351.21,-83.97,680.680000,680.68
2025-04,Project 029,project-029,000000000029,Hierarchy 019,1039.41,0.00,-357.31,-95.74,586.360000,586.36
2025-04,Project 010,project-010,000000000010,Hierarchy 016,173.83,0.00,0.00,0.00,173.830000,173.83
2025-04,Project 009,project-009,000000000009,Hierarchy 022,329.64,0.00,-99.17,-39.15,191.320000,191.32
2025-04,Project 011,project-011,000000000011,Hierarchy 017,170.98,0.00,0.00,0.00,170.980000,170.98
2025-04,Project 012,project-012,000000000012,Hierarchy 023,26.23,0.00,0.00,0.00,26.230000,26.23
2025-04,Project 013,project-013,000000000013,Hierarchy 024,4.95,0.00,0.00,0.00,4.950000,4.95
2025-04,Project 014,project-014,000000000014,Hierarchy 021,3.03,0.00,0.00,0.00,3.030000,3.03
2025-04,Project 015,project-015,000000000015,Hierarchy 025,0.64,0.00,0.00,0.00,0.640000,0.64
2025-04,Project 018,project-018,000000000018,Hierarchy 025,0.60,0.00,0.00,0.00,0.600000,0.60
2025-04,Project 016,project-016,000000000016,Hierarchy 026,0.22,0.00,0.00,0.00,0.220000,0.22
2025-04,Project 017,project-017,000000000017,Hierarchy 027,0.15,0.00,0.00,0.00,0.150000,0.15
2025-04,Project 020,project-020,000000000020,Hierarchy 029,0.02,0.00,0.00,0.00,0.020000,0.02
2025-04,Project 019,project-019,000000000019,Hierarchy 028,0.02,0.00,0.00,0.00,0.020000,0.02
2025-04,Project 021,project-021,000000000021,Hierarchy 030,0.01,0.00,0.00,0.00,0.010000,0.01
2025-04,Project 024,project-024,000000000024,Hierarchy 027,0.01,0.00,0.00,0.00,0.010000,0.01
2025-04,Project 022,project-022,000000000022,Hierarchy 016,0.01,0.00,0.00,0.00,0.010000,0.01
2025-04,Project 023,project-023,000000000023,Hierarchy 029,0.00,0.00,0.00,0.00,0.000000,0.00
2025-04,Project 027,,,,-3.41,0.00,0.00,0.00,-3.410000,-3.41
2025-03,Project 001,project-001,000000000001,Hierarchy 018,31008.34,0.00,-8372.05,-2788.21,19848.080000,19848.08
2025-03,Project 002,project-002,000000000002,Hierarchy 018,11473.29,0.00,-2670.51,-362.69,8440.090000,8440.09
2025-03,Project 003,project-003,000000000003,Hierarchy 019,5716.52,0.00,-2011.96,-195.46,3509.100000,3509.10
2025-03,Project 004,project-004,000000000004,Hierarchy 020,5264.00,0.00,-2114.22,-99.26,3050.520000,3050.52
2025-03,Project 005,project-005,000000000005,Hierarchy 018,4479.81,0.00,-1536.00,-214.53,2729.280000,2729.28
2025-03,Project 006,project-006,000000000006,Hierarchy 021,3301.56,0.00,-1255.34,-59.75,1986.470000,1986.47
2025-03,Project 007,project-007,000000000007,Hierarchy 020,3387.12,0.00,-1039.59,-30.92,2316.610000,2316.61
2025-03,Project 008,project-008,000000000008,Hierarchy 019,2919.77,0.00,-781.30,-149.42,1989.050000,1989.05
2025-03,Project 030,project-030,000000000030,Hierarchy 020,1050.75,0.00,-319.90,-93.98,636.870000,636.87
2025-03,Project 029,project-029,000000000029,Hierarchy 019,926.16,0.00,-287.73,-96.90,541.530000,541.53
2025-03,Project 011,project-011,000000000011,Hierarchy 017,261.06,0.00,0.00,-0.26,260.800000,260.80
2025-03,Project 010,project-010,000000000010,Hierarchy 016,177.20,0.00,0.00,0.00,177.200000,177.20
2025-03,Project 009,project-009,000000000009,Hierarchy 022,335.51,0.00,-96.19,-42.91,196.410000,196.41
2025-03,Project 012,project-012,000000000012,Hierarchy 023,27.14,0.00,0.00,0.00,27.140000,27.14
2025-03,Project 013,project-013,000000000013,Hierarchy 024,5.31,0.00,0.00,0.00,5.310000,5.31
2025-03,Project 014,project-014,000000000014,Hierarchy 021,3.53,0.00,0.00,0.00,3.530000,3.53
2025-03,Project 027,,,,2.55,0.00,0.00,0.00,2.550000,2.55
2025-03,Project 018,project-018,000000000018,Hierarchy 025,1.16,0.00,0.00,0.00,1.160000,1.16
2025-03,Project 015,project-015,000000000015,Hierarchy 025,0.73,0.00,0.00,0.00,0.730000,0.73
2025-03,Project 016,project-016,000000000016,Hierarchy 026,0.26,0.00,0.00,0.00,0.260000,0.26
2025-03,Project 017,project-017,000000000017,Hierarchy 027,0.15,0.00,0.00,0.00,0.150000,0.15
2025-03,Project 020,project-020,000000000020,Hierarchy 029,0.02,0.00,0.00,0.00,0.020000,0.02
2025-03,Project 019,project-019,000000000019,Hierarchy 028,0.02,0.00,0.00,0.00,0.020000,0.02
2025-03,Project 024,project-024,000000000024,Hierarchy 027,0.01,0.00,0.00,0.00,0.010000,0.01
2025-03,Project 021,project-021,000000000021,Hierarchy 030,0.01,0.00,0.00,0.00,0.010000,0.01
2025-03,Project 022,project-022,000000000022,Hierarchy 016,0.01,0.00,0.00,0.00,0.010000,0.01
2025-03,Project 023,project-023,000000000023,Hierarchy 029,0.00,0.00,0.00,0.00,0.000000,0.00
2025-02,Project 001,project-001,000000000001,Hierarchy 018,28691.50,0.00,-7774.45,-2660.66,18256.390000,18256.39
2025-02,Project 002,project-002,000000000002,Hierarchy 018,8967.04,0.00,-2290.26,-255.49,6421.290000,6421.29
2025-02,Project 004,project-004,000000000004,Hierarchy 020,5794.56,0.00,-2556.39,-89.21,3148.960000,3148.96
2025-02,Project 003,project-003,000000000003,Hierarchy 019,4675.14,0.00,-1937.12,-146.76,2591.260000,2591.26
2025-02,Project 005,project-005,000000000005,Hierarchy 018,4454.95,0.00,-1249.28,-184.25,3021.420000,3021.42
2025-02,Project 006,project-006,000000000006,Hierarchy 021,3485.45,0.00,-1129.69,-52.69,2303.070000,2303.07
2025-02,Project 007,project-007,000000000007,Hierarchy 020,3086.02,0.00,-998.49,-29.55,2057.980000,2057.98
2025-02,Project 008,project-008,000000000008,Hierarchy 019,2844.82,0.00,-724.89,-131.22,1988.710000,1988.71
2025-02,Project 030,project-030,000000000030,Hierarchy 020,903.70,0.00,-301.42,-81.72,520.560000,520.56
2025-02,Project 029,project-029,000000000029,Hierarchy 019,985.40,0.00,-286.79,-88.54,610.070000,610.07
2025-02,Project 011,project-011,000000000011,Hierarchy 017,419.73,0.00,0.00,-0.72,419.010000,419.01
2025-02,Project 010,project-010,000000000010,Hierarchy 016,190.79,0.00,0.00,0.00,190.790000,190.79
2025-02,Project 009,project-009,000000000009,Hierarchy 022,317.67,0.00,-112.27,-39.35,166.050000,166.05
2025-02,Project 012,project-012,000000000012,Hierarchy 023,24.89,0.00,0.00,0.00,24.890000,24.89
2025-02,Project 013,project-013,000000000013,Hierarchy 024,5.00,0.00,0.00,0.00,5.000000,5.00
2025-02,Project 014,project-014,000000000014,Hierarchy 021,2.72,0.00,0.00,0.00,2.720000,2.72
2025-02,Project 015,project-015,000000000015,Hierarchy 025,0.67,0.00,0.00,0.00,0.670000,0.67
2025-02,Project 027,,,,0.54,0.00,0.00,0.00,0.540000,0.54
2025-02,Project 018,project-018,000000000018,Hierarchy 025,0.41,0.00,0.00,0.00,0.410000,0.41
2025-02,Project 016,project-016,000000000016,Hierarchy 026,0.24,0.00,0.00,0.00,0.240000,0.24
2025-02,Project 017,project-017,000000000017,Hierarchy 027,0.15,0.00,0.00,0.00,0.150000,0.15
2025-02,Project 020,project-020,000000000020,Hierarchy 029,0.02,0.00,0.00,0.00,0.020000,0.02
2025-02,Project 019,project-019,000000000019,Hierarchy 028,0.02,0.00,0.00,0.00,0.020000,0.02
2025-02,Project 021,project-021,000000000021,Hierarchy 030,0.01,0.00,0.00,0.00,0.010000,0.01
2025-02,Project 022,project-022,000000000022,Hierarchy 016,0.01,0.00,0.00,0.00,0.010000,0.01
2025-02,Project 024,project-024,000000000024,Hierarchy 027,0.00,0.00,0.00,0.00,0.000000,0.00
2025-02,Project 023,project-023,000000000023,Hierarchy 029,0.00,0.00,0.00,0.00,0.000000,0.00
2025-02,Project 028,project-028,000000000028,Hierarchy 022,6.26,0.00,0.00,-6.09,0.170000,0.17
2025-01,Project 001,project-001,000000000001,Hierarchy 018,29103.54,0.00,-10095.69,-587.86,18419.990000,18419.99
2025-01,Project 002,project-002,000000000002,Hierarchy 018,9463.54,0.00,-2283.16,-185.68,6994.700000,6994.70
2025-01,Project 003,project-003,000000000003,Hierarchy 019,6299.27,0.00,-2520.99,-143.54,3634.740000,3634.74
2025-01,Project 004,project-004,000000000004,Hierarchy 020,6411.08,0.00,-2717.40,-45.05,3648.630000,3648.63
2025-01,Project 005,project-005,000000000005,Hierarchy 018,4982.90,0.00,-1552.94,-146.37,3283.590000,3283.59
2025-01,Project 007,project-007,000000000007,Hierarchy 020,3335.01,0.00,-1097.52,-29.53,2207.960000,2207.96
2025-01,Project 006,project-006,000000000006,Hierarchy 021,3119.04,0.00,-1282.18,-55.39,1781.470000,1781.47
2025-01,Project 008,project-008,000000000008,Hierarchy 019,3174.85,0.00,-873.13,-69.99,2231.730000,2231.73
2025-01,Project 030,project-030,000000000030,Hierarchy 020,1208.60,0.00,-403.00,-13.77,791.830000,791.83
2025-01,Project 029,project-029,000000000029,Hierarchy 019,1132.14,0.00,-329.11,-30.32,772.710000,772.71
2025-01,Project 011,project-011,000000000011,Hierarchy 017,597.71,0.00,0.00,-1.55,596.160000,596.16
2025-01,Project 010,project-010,000000000010,Hierarchy 016,176.54,0.00,0.00,0.00,176.540000,176.54
2025-01,Project 009,project-009,000000000009,Hierarchy 022,301.47,0.00,-122.18,-8.83,170.460000,170.46
2025-01,Project 012,project-012,000000000012,Hierarchy 023,26.67,0.00,0.00,0.00,26.670000,26.67
2025-01,Project 027,,,,11.63,0.00,0.00,0.00,11.630000,11.63
2025-01,Project 013,project-013,000000000013,Hierarchy 024,5.01,0.00,0.00,0.00,5.010000,5.01
2025-01,Project 014,project-014,000000000014,Hierarchy 021,3.36,0.00,0.00,0.00,3.360000,3.36
2025-01,Project 015,project-015,000000000015,Hierarchy 025,0.72,0.00,0.00,0.00,0.720000,0.72
2025-01,Project 016,project-016,000000000016,Hierarchy 026,0.25,0.00,0.00,0.00,0.250000,0.25
2025-01,Project 017,project-017,000000000017,Hierarchy 027,0.16,0.00,0.00,0.00,0.160000,0.16
2025-01,Project 018,project-018,000000000018,Hierarchy 025,0.09,0.00,0.00,0.00,0.090000,0.09
2025-01,Project 020,project-020,000000000020,Hierarchy 029,0.02,0.00,0.00,0.00,0.020000,0.02
2025-01,Project 021,project-021,000000000021,Hierarchy 030,0.01,0.00,0.00,0.00,0.010000,0.01
2025-01,Project 019,project-019,000000000019,Hierarchy 028,0.01,0.00,0.00,0.00,0.010000,0.01
2025-01,Project 022,project-022,000000000022,Hierarchy 016,0.01,0.00,0.00,0.00,0.010000,0.01
2025-01,Project 024,project-024,000000000024,Hierarchy 027,0.00,0.00,0.00,0.00,0.000000,0.00
2025-01,Project 028,project-028,000000000028,Hierarchy 022,6.30,0.00,0.00,-6.58,-0.280000,-0.28
2024-12,Project 001,project-001,000000000001,Hierarchy 018,31463.17,-0.88,-8002.00,-517.92,22942.370000,22942.37
2024-12,Project 002,project-002,000000000002,Hierarchy 018,7871.34,-0.49,-1818.37,-145.42,5907.060000,5907.06
2024-12,Project 003,project-003,000000000003,Hierarchy 019,9491.23,0.00,-3769.55,-397.32,5324.360000,5324.36
2024-12,Project 004,project-004,000000000004,Hierarchy 020,7138.18,0.00,-2285.35,-46.48,4806.350000,4806.35
2024-12,Project 005,project-005,000000000005,Hierarchy 018,4121.70,0.00,-1295.63,-154.29,2671.780000,2671.78
2024-12,Project 006,project-006,000000000006,Hierarchy 021,3426.71,0.00,-1073.73,-62.37,2290.610000,2290.61
2024-12,Project 007,project-007,000000000007,Hierarchy 020,3093.16,0.00,-903.33,-27.75,2162.080000,2162.08
2024-12,Project 008,project-008,000000000008,Hierarchy 019,2739.66,0.00,-761.13,-75.93,1902.600000,1902.60
2024-12,Project 030,project-030,000000000030,Hierarchy 020,1144.08,0.00,-325.89,-13.07,805.120000,805.12
2024-12,Project 029,project-029,000000000029,Hierarchy 019,1066.08,0.00,-318.11,-32.50,715.470000,715.47
2024-12,Project 011,project-011,000000000011,Hierarchy 017,717.66,0.00,0.00,-1.85,715.810000,715.81
2024-12,Project 010,project-010,000000000010,Hierarchy 016,193.29,0.00,0.00,0.00,193.290000,193.29
2024-12,Project 009,project-009,000000000009,Hierarchy 022,313.39,0.00,-118.23,-9.97,185.190000,185.19
2024-12,Project 012,project-012,000000000012,Hierarchy 023,24.54,0.00,0.00,0.00,24.540000,24.54
2024-12,Project 027,,,,12.76,0.00,0.00,0.00,12.760000,12.76
2024-12,Project 013,project-013,000000000013,Hierarchy 024,5.33,0.00,0.00,0.00,5.330000,5.33
2024-12,Project 014,project-014,000000000014,Hierarchy 021,3.37,0.00,0.00,0.00,3.370000,3.37
2024-12,Project 015,project-015,000000000015,Hierarchy 025,0.69,0.00,0.00,0.00,0.690000,0.69
2024-12,Project 016,project-016,000000000016,Hierarchy 026,0.24,0.00,0.00,0.00,0.240000,0.24
2024-12,Project 017,project-017,000000000017,Hierarchy 027,0.15,0.00,0.00,0.00,0.150000,0.15
2024-12,Project 018,project-018,000000000018,Hierarchy 025,0.07,0.00,0.00,0.00,0.070000,0.07
2024-12,Project 020,project-020,000000000020,Hierarchy 029,0.02,0.00,0.00,0.00,0.020000,0.02
2024-12,Project 022,project-022,000000000022,Hierarchy 016,0.01,0.00,0.00,0.00,0.010000,0.01
2024-12,Project 021,project-021,000000000021,Hierarchy 030,0.01,0.00,0.00,0.00,0.010000,0.01
2024-12,Project 019,project-019,000000000019,Hierarchy 028,0.00,0.00,0.00,0.00,0.000000,0.00
2024-12,Project 024,project-024,000000000024,Hierarchy 027,0.00,0.00,0.00,0.00,0.000000,0.00
2024-12,Project 023,project-023,000000000023,Hierarchy 029,0.00,0.00,0.00,0.00,0.000000,0.00
2024-12,Project 028,project-028,000000000028,Hierarchy 022,5.10,0.00,0.00,-5.70,-0.600000,-0.60
2024-11,Project 001,project-001,000000000001,Hierarchy 018,28815.63,-4.15,-10711.87,-170.30,17929.310000,17929.31
2024-11,Project 002,project-002,000000000002,Hierarchy 018,9551.62,-1.95,-2280.04,-95.86,7173.770000,7173.77
2024-11,Project 003,project-003,000000000003,Hierarchy 019,9682.03,0.00,-4183.27,-91.85,5406.910000,5406.91
2024-11,Project 004,project-004,000000000004,Hierarchy 020,8244.06,0.00,-2606.52,-31.78,5605.760000,5605.76
2024-11,Project 005,project-005,000000000005,Hierarchy 018,4662.99,0.00,-1729.83,-43.42,2889.740000,2889.74
2024-11,Project 007,project-007,000000000007,Hierarchy 020,3258.41,0.00,-1114.86,-20.17,2123.380000,2123.38
2024-11,Project 006,project-006,000000000006,Hierarchy 021,4067.45,0.00,-1477.00,-34.09,2556.360000,2556.36
2024-11,Project 008,project-008,000000000008,Hierarchy 019,2737.27,0.00,-941.80,-28.38,1767.090000,1767.09
2024-11,Project 030,project-030,000000000030,Hierarchy 020,1487.68,0.00,-302.41,-9.54,1175.730000,1175.73
2024-11,Project 029,project-029,000000000029,Hierarchy 019,1074.38,0.00,-284.41,-12.93,777.040000,777.04
2024-11,Project 011,project-011,000000000011,Hierarchy 017,692.33,0.00,0.00,-1.96,690.370000,690.37
2024-11,Project 010,project-010,000000000010,Hierarchy 016,184.23,0.00,0.00,0.00,184.230000,184.23
2024-11,Project 009,project-009,000000000009,Hierarchy 022,331.33,0.00,-151.68,-3.13,176.520000,176.52
2024-11,Project 012,project-012,000000000012,Hierarchy 023,27.06,0.00,0.00,0.00,27.060000,27.06
2024-11,Project 027,,,,7.56,0.00,0.00,0.00,7.560000,7.56
2024-11,Project 013,project-013,000000000013,Hierarchy 024,4.95,0.00,0.00,0.00,4.950000,4.95
2024-11,Project 014,project-014,000000000014,Hierarchy 021,3.10,0.00,0.00,0.00,3.100000,3.10
2024-11,Project 015,project-015,000000000015,Hierarchy 025,0.77,0.00,0.00,0.00,0.770000,0.77
2024-11,Project 016,project-016,000000000016,Hierarchy 026,0.21,0.00,0.00,0.00,0.210000,0.21
2024-11,Project 017,project-017,000000000017,Hierarchy 027,0.14,0.00,0.00,0.00,0.140000,0.14
2024-11,Project 018,project-018,000000000018,Hierarchy 025,0.07,0.00,0.00,0.00,0.070000,0.07
2024-11,Project 020,project-020,000000000020,Hierarchy 029,0.02,0.00,0.00,0.00,0.020000,0.02
2024-11,Project 021,project-021,000000000021,Hierarchy 030,0.01,0.00,0.00,0.00,0.010000,0.01
2024-11,Project 022,project-022,000000000022,Hierarchy 016,0.01,0.00,0.00,0.00,0.010000,0.01
2024-11,Project 019,project-019,000000000019,Hierarchy 028,0.00,0.00,0.00,0.00,0.000000,0.00
2024-11,Project 024,project-024,000000000024,Hierarchy 027,0.00,0.00,0.00,0.00,0.000000,0.00
2024-11,Project 028,project-028,000000000028,Hierarchy 022,8.53,0.00,0.00,-9.16,-0.630000,-0.63
2024-10,Project 001,project-001,000000000001,Hierarchy 018,33129.17,-3.87,-12404.07,-104.32,20616.910000,20616.91
2024-10,Project 002,project-002,000000000002,Hierarchy 018,10936.66,-2.31,-2642.76,-91.18,8200.410000,8200.41
2024-10,Project 004,project-004,000000000004,Hierarchy 020,6956.47,0.00,-2853.70,-34.54,4068.230000,4068.23
2024-10,Project 003,project-003,000000000003,Hierarchy 019,7218.24,0.00,-3224.61,-54.89,3938.740000,3938.74
2024-10,Project 005,project-005,000000000005,Hierarchy 018,4827.16,0.00,-1748.24,-30.77,3048.150000,3048.15
2024-10,Project 007,project-007,000000000007,Hierarchy 020,3565.10,0.00,-1215.88,-22.95,2326.270000,2326.27
2024-10,Project 006,project-006,000000000006,Hierarchy 021,4039.80,0.00,-1394.99,-32.17,2612.640000,2612.64
2024-10,Project 008,project-008,000000000008,Hierarchy 019,2718.29,0.00,-1018.78,-20.60,1678.910000,1678.91
2024-10,Project 030,project-030,000000000030,Hierarchy 020,1790.19,0.00,-454.13,-9.88,1326.180000,1326.18
2024-10,Project 029,project-029,000000000029,Hierarchy 019,1472.08,0.00,-388.12,-12.16,1071.800000,1071.80
2024-10,Project 011,project-011,000000000011,Hierarchy 017,698.44,0.00,0.00,-2.18,696.260000,696.26
2024-10,Project 010,project-010,000000000010,Hierarchy 016,185.16,0.00,0.00,0.00,185.160000,185.16
2024-10,Project 009,project-009,000000000009,Hierarchy 022,339.75,0.00,-153.64,-2.68,183.430000,183.43
2024-10,Project 012,project-012,000000000012,Hierarchy 023,26.32,0.00,0.00,0.00,26.320000,26.32
2024-10,Project 027,,,,12.22,0.00,0.00,0.00,12.220000,12.22
2024-10,Project 013,project-013,000000000013,Hierarchy 024,5.19,0.00,0.00,0.00,5.190000,5.19
2024-10,Project 014,project-014,000000000014,Hierarchy 021,3.33,0.00,0.00,0.00,3.330000,3.33
2024-10,Project 015,project-015,000000000015,Hierarchy 025,0.72,0.00,0.00,0.00,0.720000,0.72
2024-10,Project 016,project-016,000000000016,Hierarchy 026,0.24,0.00,0.00,0.00,0.240000,0.24
2024-10,Project 017,project-017,000000000017,Hierarchy 027,0.15,0.00,0.00,0.00,0.150000,0.15
2024-10,Project 018,project-018,000000000018,Hierarchy 025,0.08,0.00,0.00,0.00,0.080000,0.08
2024-10,Project 020,project-020,000000000020,Hierarchy 029,0.02,0.00,0.00,0.00,0.020000,0.02
2024-10,Project 021,project-021,000000000021,Hierarchy 030,0.01,0.00,0.00,0.00,0.010000,0.01
2024-10,Project 022,project-022,000000000022,Hierarchy 016,0.01,0.00,0.00,0.00,0.010000,0.01
2024-10,Project 019,project-019,000000000019,Hierarchy 028,0.00,0.00,0.00,0.00,0.000000,0.00
2024-10,Project 024,project-024,000000000024,Hierarchy 027,0.00,0.00,0.00,0.00,0.000000,0.00
2024-10,Project 023,project-023,000000000023,Hierarchy 029,0.00,0.00,0.00,0.00,0.000000,0.00
2024-10,Project 028,project-028,000000000028,Hierarchy 022,6.10,0.00,0.00,-6.44,-0.340000,-0.34
2024-09,Project 001,project-001,000000000001,Hierarchy 018,31362.54,-3.77,-10288.18,-94.00,20976.590000,20976.59
2024-09,Project 002,project-002,000000000002,Hierarchy 018,10589.45,-2.01,-2424.52,-78.02,8084.900000,8084.90
2024-09,Project 004,project-004,000000000004,Hierarchy 020,7151.31,0.00,-2794.92,-29.24,4327.150000,4327.15
2024-09,Project 003,project-003,000000000003,Hierarchy 019,6938.33,0.00,-2932.22,-36.83,3969.280000,3969.28
2024-09,Project 005,project-005,000000000005,Hierarchy 018,4007.00,0.00,-1386.90,-23.24,2596.860000,2596.86
2024-09,Project 007,project-007,000000000007,Hierarchy 020,3934.88,0.00,-1093.27,-18.80,2822.810000,2822.81
2024-09,Project 006,project-006,000000000006,Hierarchy 021,3845.93,0.00,-1334.48,-32.24,2479.210000,2479.21
2024-09,Project 008,project-008,000000000008,Hierarchy 019,2646.42,0.00,-1066.60,-16.12,1563.700000,1563.70
2024-09,Project 011,project-011,000000000011,Hierarchy 017,1192.52,0.00,0.00,-4.84,1187.680000,1187.68
2024-09,Project 030,project-030,000000000030,Hierarchy 020,1370.63,0.00,-304.96,-10.63,1055.040000,1055.04
2024-09,Project 029,project-029,000000000029,Hierarchy 019,1218.64,0.00,-339.50,-10.53,868.610000,868.61
2024-09,Project 010,project-010,000000000010,Hierarchy 031,280.08,0.00,0.00,0.00,280.080000,280.08
2024-09,Project 009,project-009,000000000009,Hierarchy 022,336.79,0.00,-148.59,-2.40,185.800000,185.80
2024-09,Project 012,project-012,000000000012,Hierarchy 023,27.72,0.00,0.00,0.00,27.720000,27.72
2024-09,Project 013,project-013,000000000013,Hierarchy 024,5.46,0.00,0.00,0.00,5.460000,5.46
2024-09,Project 027,,,,4.71,0.00,0.00,0.00,4.710000,4.71
2024-09,Project 014,project-014,000000000014,Hierarchy 021,3.06,0.00,0.00,0.00,3.060000,3.06
2024-09,Project 010,project-010,000000000010,Hierarchy 016,1.52,0.00,0.00,0.00,1.520000,1.52
2024-09,Project 015,project-015,000000000015,Hierarchy 025,0.68,0.00,0.00,0.00,0.680000,0.68
2024-09,Project 016,project-016,000000000016,Hierarchy 026,0.25,0.00,0.00,0.00,0.250000,0.25
2024-09,Project 017,project-017,000000000017,Hierarchy 027,0.15,0.00,0.00,0.00,0.150000,0.15
2024-09,Project 018,project-018,000000000018,Hierarchy 025,0.08,0.00,0.00,0.00,0.080000,0.08
2024-09,Project 020,project-020,000000000020,Hierarchy 029,0.02,0.00,0.00,0.00,0.020000,0.02
2024-09,Project 021,project-021,000000000021,Hierarchy 030,0.01,0.00,0.00,0.00,0.010000,0.01
2024-09,Project 022,project-022,000000000022,Hierarchy 031,0.01,0.00,0.00,0.00,0.010000,0.01
2024-09,Project 019,project-019,000000000019,Hierarchy 028,0.00,0.00,0.00,0.00,0.000000,0.00
2024-09,Project 024,project-024,000000000024,Hierarchy 027,0.00,0.00,0.00,0.00,0.000000,0.00
2024-09,Project 022,project-022,000000000022,Hierarchy 016,0.00,0.00,0.00,0.00,0.000000,0.00
2024-09,Project 023,project-023,000000000023,Hierarchy 029,0.00,0.00,0.00,0.00,0.000000,0.00
2024-09,Project 028,project-028,000000000028,Hierarchy 022,8.48,0.00,0.00,-8.58,-0.100000,-0.10
2024-08,Project 001,project-001,000000000001,Hierarchy 018,51205.80,-4.37,-12900.64,-108.64,38192.150000,38192.15
2024-08,Project 002,project-002,000000000002,Hierarchy 018,10942.33,-1.86,-2659.05,-90.45,8190.970000,8190.97
2024-08,Project 004,project-004,000000000004,Hierarchy 020,7962.18,0.00,-2874.15,-31.41,5056.620000,5056.62
2024-08,Project 003,project-003,000000000003,Hierarchy 019,6376.33,0.00,-2305.30,-39.80,4031.230000,4031.23
2024-08,Project 007,project-007,000000000007,Hierarchy 020,3520.83,0.00,-1207.96,-20.52,2292.350000,2292.35
2024-08,Project 006,project-006,000000000006,Hierarchy 021,4309.62,0.00,-1444.71,-30.80,2834.110000,2834.11
2024-08,Project 005,project-005,000000000005,Hierarchy 018,3628.75,0.00,-842.82,-20.50,2765.430000,2765.43
2024-08,Project 008,project-008,000000000008,Hierarchy 019,2967.82,0.00,-1096.83,-15.27,1855.720000,1855.72
2024-08,Project 030,project-030,000000000030,Hierarchy 020,1923.28,0.00,-584.86,-11.65,1326.770000,1326.77
2024-08,Project 029,project-029,000000000029,Hierarchy 019,1472.01,0.00,-496.73,-11.61,963.670000,963.67
2024-08,Project 011,project-011,000000000011,Hierarchy 017,825.87,0.00,0.00,-3.79,822.080000,822.08
2024-08,Project 010,project-010,000000000010,Hierarchy 031,256.11,0.00,0.00,0.00,256.110000,256.11
2024-08,Project 009,project-009,000000000009,Hierarchy 022,299.41,0.00,-156.36,-2.09,140.960000,140.96
2024-08,Project 012,project-012,000000000012,Hierarchy 023,25.52,0.00,0.00,0.00,25.520000,25.52
2024-08,Project 027,,,,7.12,0.00,0.00,0.00,7.120000,7.12
2024-08,Project 013,project-013,000000000013,Hierarchy 024,5.42,0.00,0.00,0.00,5.420000,5.42
2024-08,Project 014,project-014,000000000014,Hierarchy 021,3.21,0.00,0.00,0.00,3.210000,3.21
2024-08,Project 015,project-015,000000000015,Hierarchy 025,0.65,0.00,0.00,0.00,0.650000,0.65
2024-08,Project 016,project-016,000000000016,Hierarchy 026,0.24,0.00,0.00,0.00,0.240000,0.24
2024-08,Project 017,project-017,000000000017,Hierarchy 027,0.11,0.00,0.00,0.00,0.110000,0.11
2024-08,Project 018,project-018,000000000018,Hierarchy 025,0.11,0.00,0.00,0.00,0.110000,0.11
2024-08,Project 020,project-020,000000000020,Hierarchy 029,0.02,0.00,0.00,0.00,0.020000,0.02
2024-08,Project 021,project-021,000000000021,Hierarchy 030,0.01,0.00,0.00,0.00,0.010000,0.01
2024-08,Project 022,project-022,000000000022,Hierarchy 031,0.01,0.00,0.00,0.00,0.010000,0.01
2024-08,Project 019,project-019,000000000019,Hierarchy 028,0.00,0.00,0.00,0.00,0.000000,0.00
2024-08,Project 024,project-024,000000000024,Hierarchy 027,0.00,0.00,0.00,0.00,0.000000,0.00
2024-08,Project 028,project-028,000000000028,Hierarchy 022,3.25,0.00,0.00,-2.97,0.280000,0.28
2024-07,Project 001,project-001,000000000001,Hierarchy 018,28529.89,-3.51,-12463.14,-94.67,15968.570000,15968.57
2024-07,Project 002,project-002,000000000002,Hierarchy 018,11299.77,-1.81,-3183.93,-81.54,8032.490000,8032.49
2024-07,Project 004,project-004,000000000004,Hierarchy 020,8105.18,0.00,-2623.46,-28.41,5453.310000,5453.31
2024-07,Project 003,project-003,000000000003,Hierarchy 019,5706.20,0.00,-2136.67,-35.53,3534.000000,3534.00
2024-07,Project 007,project-007,000000000007,Hierarchy 020,4191.90,0.00,-1220.37,-17.98,2953.550000,2953.55
2024-07,Project 006,project-006,000000000006,Hierarchy 021,4041.38,0.00,-1472.25,-26.79,2542.340000,2542.34
2024-07,Project 005,project-005,000000000005,Hierarchy 018,2556.36,0.00,-504.44,-14.53,2037.390000,2037.39
2024-07,Project 008,project-008,000000000008,Hierarchy 019,2940.39,0.00,-1049.70,-18.68,1872.010000,1872.01
2024-07,Project 030,project-030,000000000030,Hierarchy 020,1650.38,0.00,-326.70,-9.38,1314.300000,1314.30
2024-07,Project 029,project-029,000000000029,Hierarchy 019,1073.48,0.00,-342.93,-9.67,720.880000,720.88
2024-07,Project 010,project-010,000000000010,Hierarchy 031,245.23,0.00,0.00,0.00,245.230000,245.23
2024-07,Project 009,project-009,000000000009,Hierarchy 022,306.64,0.00,-168.26,-2.42,135.960000,135.96
2024-07,Project 011,project-011,000000000011,Hierarchy 017,103.88,0.00,0.00,-0.02,103.860000,103.86
2024-07,Project 027,,,,30.94,0.00,0.00,0.00,30.940000,30.94
2024-07,Project 012,project-012,000000000012,Hierarchy 023,27.62,0.00,0.00,0.00,27.620000,27.62
2024-07,Project 013,project-013,000000000013,Hierarchy 024,5.82,0.00,0.00,0.00,5.820000,5.82
2024-07,Project 014,project-014,000000000014,Hierarchy 021,3.04,0.00,0.00,0.00,3.040000,3.04
2024-07,Project 015,project-015,000000000015,Hierarchy 025,0.58,0.00,0.00,0.00,0.580000,0.58
2024-07,Project 016,project-016,000000000016,Hierarchy 026,0.22,0.00,0.00,0.00,0.220000,0.22
2024-07,Project 018,project-018,000000000018,Hierarchy 025,0.10,0.00,0.00,0.00,0.100000,0.10
2024-07,Project 017,project-017,000000000017,Hierarchy 027,0.06,0.00,0.00,0.00,0.060000,0.06
2024-07,Project 020,project-020,000000000020,Hierarchy 029,0.02,0.00,0.00,0.00,0.020000,0.02
2024-07,Project 021,project-021,000000000021,Hierarchy 030,0.01,0.00,0.00,0.00,0.010000,0.01
2024-07,Project 022,project-022,000000000022,Hierarchy 031,0.01,0.00,0.00,0.00,0.010000,0.01
2024-07,Project 019,project-019,000000000019,Hierarchy 028,0.00,0.00,0.00,0.00,0.000000,0.00
2024-07,Project 024,project-024,000000000024,Hierarchy 027,0.00,0.00,0.00,0.00,0.000000,0.00
2024-07,Project 023,project-023,000000000023,Hierarchy 029,0.00,0.00,0.00,0.00,0.000000,0.00
2024-07,Project 028,project-028,000000000028,Hierarchy 022,6.94,0.00,0.00,-7.36,-0.420000,-0.42
2024-06,Project 001,project-001,000000000001,Hierarchy 018,26883.04,-1.57,-10929.95,-126.06,15825.460000,15825.46
2024-06,Project 002,project-002,000000000002,Hierarchy 018,10678.50,-4.53,-2506.88,-106.14,8060.950000,8060.95
2024-06,Project 004,project-004,000000000004,Hierarchy 020,6592.37,0.00,-2505.94,-26.74,4059.690000,4059.69
2024-06,Project 003,project-003,000000000003,Hierarchy 019,5452.31,0.00,-2224.90,-46.61,3180.800000,3180.80
2024-06,Project 005,project-005,000000000005,Hierarchy 018,3727.86,0.00,-519.88,-20.56,3187.420000,3187.42
2024-06,Project 007,project-007,000000000007,Hierarchy 020,4019.06,0.00,-1196.48,-20.46,2802.120000,2802.12
2024-06,Project 006,project-006,000000000006,Hierarchy 021,3526.63,0.00,-1258.43,-43.93,2224.270000,2224.27
2024-06,Project 008,project-008,000000000008,Hierarchy 019,2811.54,0.00,-766.04,-20.99,2024.510000,2024.51
2024-06,Project 030,project-030,000000000030,Hierarchy 020,1658.92,0.00,-279.98,-8.98,1369.960000,1369.96
2024-06,Project 029,project-029,000000000029,Hierarchy 019,1098.07,0.00,-254.65,-9.54,833.880000,833.88
2024-06,Project 010,project-010,000000000010,Hierarchy 031,246.06,0.00,0.00,0.00,246.060000,246.06
2024-06,Project 009,project-009,000000000009,Hierarchy 022,267.06,0.00,-92.24,-4.52,170.300000,170.30
2024-06,Project 011,project-011,000000000011,Hierarchy 017,142.78,0.00,0.00,-0.31,142.470000,142.47
2024-06,Project 012,project-012,000000000012,Hierarchy 023,24.74,0.00,0.00,0.00,24.740000,24.74
2024-06,Project 013,project-013,000000000013,Hierarchy 024,6.31,0.00,0.00,0.00,6.310000,6.31
2024-06,Project 014,project-014,000000000014,Hierarchy 021,3.32,0.00,0.00,0.00,3.320000,3.32
2024-06,Project 027,,,,1.20,0.00,0.00,0.00,1.200000,1.20
2024-06,Project 015,project-015,000000000015,Hierarchy 025,0.54,0.00,0.00,0.00,0.540000,0.54
2024-06,Project 016,project-016,000000000016,Hierarchy 026,0.26,0.00,0.00,0.00,0.260000,0.26
2024-06,Project 018,project-018,000000000018,Hierarchy 025,0.10,0.00,0.00,0.00,0.100000,0.10
2024-06,Project 017,project-017,000000000017,Hierarchy 027,0.07,0.00,0.00,0.00,0.070000,0.07
2024-06,Project 020,project-020,000000000020,Hierarchy 029,0.02,0.00,0.00,0.00,0.020000,0.02
2024-06,Project 024,project-024,000000000024,Hierarchy 027,0.02,0.00,0.00,0.00,0.020000,0.02
2024-06,Project 021,project-021,000000000021,Hierarchy 030,0.01,0.00,0.00,0.00,0.010000,0.01
2024-06,Project 022,project-022,000000000022,Hierarchy 031,0.01,0.00,0.00,0.00,0.010000,0.01
2024-06,Project 019,project-019,000000000019,Hierarchy 028,0.00,0.00,0.00,0.00,0.000000,0.00
2024-06,Project 023,project-023,000000000023,Hierarchy 029,0.00,0.00,0.00,0.00,0.000000,0.00
2024-06,Project 028,project-028,000000000028,Hierarchy 022,8.83,0.00,0.00,-7.50,1.330000,1.33
2024-05,Project 001,project-001,000000000001,Hierarchy 018,31202.81,0.00,-9634.03,-224.57,21344.210000,21344.21
2024-05,Project 002,project-002,000000000002,Hierarchy 018,11939.88,-12.41,-2501.63,-175.23,9250.610000,9250.61
2024-05,Project 005,project-005,000000000005,Hierarchy 018,5841.11,0.00,-1283.99,-56.62,4500.500000,4500.50
2024-05,Project 004,project-004,000000000004,Hierarchy 020,7164.79,0.00,-2674.36,-26.51,4463.920000,4463.92
2024-05,Project 003,project-003,000000000003,Hierarchy 019,5737.06,0.00,-2123.16,-44.00,3569.900000,3569.90
2024-05,Project 007,project-007,000000000007,Hierarchy 020,4105.03,0.00,-1074.45,-23.68,3006.900000,3006.90
2024-05,Project 006,project-006,000000000006,Hierarchy 021,3530.97,0.00,-1084.06,-112.24,2334.670000,2334.67
2024-05,Project 008,project-008,000000000008,Hierarchy 019,3677.16,0.00,-948.79,-45.35,2683.020000,2683.02
2024-05,Project 030,project-030,000000000030,Hierarchy 020,2208.13,0.00,-556.64,-11.97,1639.520000,1639.52
2024-05,Project 029,project-029,000000000029,Hierarchy 019,1913.68,0.00,-477.77,-10.65,1425.260000,1425.26
2024-05,Project 010,project-010,000000000010,Hierarchy 031,187.58,0.00,0.00,0.00,187.580000,187.58
2024-05,Project 009,project-009,000000000009,Hierarchy 022,222.00,0.00,-17.75,-27.08,177.170000,177.17
2024-05,Project 011,project-011,000000000011,Hierarchy 017,108.32,0.00,0.00,-0.32,108.000000,108.00
2024-05,Project 012,project-012,000000000012,Hierarchy 023,24.07,0.00,0.00,0.00,24.070000,24.07
2024-05,Project 013,project-013,000000000013,Hierarchy 024,7.04,0.00,0.00,0.00,7.040000,7.04
2024-05,Project 014,project-014,000000000014,Hierarchy 021,3.52,0.00,0.00,0.00,3.520000,3.52
2024-05,Project 015,project-015,000000000015,Hierarchy 025,0.62,0.00,0.00,0.00,0.620000,0.62
2024-05,Project 016,project-016,000000000016,Hierarchy 026,0.23,0.00,0.00,0.00,0.230000,0.23
2024-05,Project 018,project-018,000000000018,Hierarchy 025,0.12,0.00,0.00,0.00,0.120000,0.12
2024-05,Project 017,project-017,000000000017,Hierarchy 027,0.06,0.00,0.00,0.00,0.060000,0.06
2024-05,Project 020,project-020,000000000020,Hierarchy 029,0.02,0.00,0.00,0.00,0.020000,0.02
2024-05,Project 024,project-024,000000000024,Hierarchy 027,0.01,0.00,0.00,0.00,0.010000,0.01
2024-05,Project 021,project-021,000000000021,Hierarchy 030,0.01,0.00,0.00,0.00,0.010000,0.01
2024-05,Project 022,project-022,000000000022,Hierarchy 031,0.01,0.00,0.00,0.00,0.010000,0.01
2024-05,Project 019,project-019,000000000019,Hierarchy 028,0.00,0.00,0.00,0.00,0.000000,0.00
2024-05,Project 023,project-023,000000000023,Hierarchy 029,0.00,0.00,0.00,0.00,0.000000,0.00
2024-05,Project 028,project-028,000000000028,Hierarchy 022,5.94,0.00,0.00,-6.44,-0.500000,-0.50
2024-05,Project 027,,,,-1.04,0.00,0.00,0.00,-1.040000,-1.04
2024-04,Project 001,project-001,000000000001,Hierarchy 018,34781.93,0.00,-10060.70,-357.71,24363.520000,24363.52
2024-04,Project 002,project-002,000000000002,Hierarchy 018,16282.94,0.00,-2969.68,-283.65,13029.610000,13029.61
2024-04,Project 005,project-005,000000000005,Hierarchy 018,7059.67,0.00,-1787.66,-107.32,5164.690000,5164.69
2024-04,Project 004,project-004,000000000004,Hierarchy 020,8797.12,0.00,-2800.42,-33.09,5963.610000,5963.61
2024-04,Project 003,project-003,000000000003,Hierarchy 019,6965.38,0.00,-2161.17,-40.39,4763.820000,4763.82
2024-04,Project 007,project-007,000000000007,Hierarchy 020,5339.57,0.00,-1843.90,-45.40,3450.270000,3450.27
2024-04,Project 008,project-008,000000000008,Hierarchy 019,3866.98,0.00,-1316.79,-107.04,2443.150000,2443.15
2024-04,Project 006,project-006,000000000006,Hierarchy 021,3601.21,0.00,-1016.97,-108.23,2476.010000,2476.01
2024-04,Project 030,project-030,000000000030,Hierarchy 020,2325.51,0.00,-707.21,-21.59,1596.710000,1596.71
2024-04,Project 029,project-029,000000000029,Hierarchy 019,2336.74,0.00,-545.12,-14.53,1777.090000,1777.09
2024-04,Project 010,project-010,000000000010,Hierarchy 031,219.82,0.00,0.00,0.00,219.820000,219.82
2024-04,Project 011,project-011,000000000011,Hierarchy 017,206.55,0.00,0.00,-0.75,205.800000,205.80
2024-04,Project 009,project-009,000000000009,Hierarchy 022,238.62,0.00,-17.40,-37.47,183.750000,183.75
2024-04,Project 012,project-012,000000000012,Hierarchy 023,43.42,0.00,0.00,0.00,43.420000,43.42
2024-04,Project 013,project-013,000000000013,Hierarchy 024,6.90,0.00,0.00,0.00,6.900000,6.90
2024-04,Project 014,project-014,000000000014,Hierarchy 021,3.44,0.00,0.00,0.00,3.440000,3.44
2024-04,Project 015,project-015,000000000015,Hierarchy 025,0.62,0.00,0.00,0.00,0.620000,0.62
2024-04,Project 016,project-016,000000000016,Hierarchy 026,0.24,0.00,0.00,0.00,0.240000,0.24
2024-04,Project 018,project-018,000000000018,Hierarchy 025,0.12,0.00,0.00,0.00,0.120000,0.12
2024-04,Project 017,project-017,000000000017,Hierarchy 027,0.08,0.00,0.00,0.00,0.080000,0.08
2024-04,Project 020,project-020,000000000020,Hierarchy 029,0.02,0.00,0.00,0.00,0.020000,0.02
2024-04,Project 021,project-021,000000000021,Hierarchy 030,0.01,0.00,0.00,0.00,0.010000,0.01
2024-04,Project 022,project-022,000000000022,Hierarchy 031,0.01,0.00,0.00,0.00,0.010000,0.01
2024-04,Project 019,project-019,000000000019,Hierarchy 028,0.00,0.00,0.00,0.00,0.000000,0.00
2024-04,Project 023,project-023,000000000023,Hierarchy 029,0.00,0.00,0.00,0.00,0.000000,0.00
2024-04,Project 027,,,,0.00,0.00,0.00,0.00,0.000000,0.00
2024-04,Project 028,project-028,000000000028,Hierarchy 022,11.52,0.00,0.00,-10.65,0.870000,0.87
2024-03,Project 001,project-001,000000000001,Hierarchy 018,39038.27,0.00,-9360.30,-579.10,29098.870000,29098.87
2024-03,Project 002,project-002,000000000002,Hierarchy 018,14980.90,0.00,-3092.07,-366.73,11522.100000,11522.10
2024-03,Project 004,project-004,000000000004,Hierarchy 020,10462.06,0.00,-3144.02,-119.29,7198.750000,7198.75
2024-03,Project 005,project-005,000000000005,Hierarchy 018,7936.96,0.00,-1652.70,-70.22,6214.040000,6214.04
2024-03,Project 003,project-003,000000000003,Hierarchy 019,8010.94,0.00,-2793.27,-152.69,5064.980000,5064.98
2024-03,Project 007,project-007,000000000007,Hierarchy 020,5026.40,0.00,-1563.90,-69.15,3393.350000,3393.35
2024-03,Project 008,project-008,000000000008,Hierarchy 019,4455.48,0.00,-1196.27,-129.18,3130.030000,3130.03
2024-03,Project 006,project-006,000000000006,Hierarchy 021,3177.97,0.00,-962.71,-95.04,2120.220000,2120.22
2024-03,Project 030,project-030,000000000030,Hierarchy 020,2522.88,0.00,-653.44,-18.93,1850.510000,1850.51
2024-03,Project 029,project-029,000000000029,Hierarchy 019,2268.68,0.00,-533.77,-16.44,1718.470000,1718.47
2024-03,Project 010,project-010,000000000010,Hierarchy 031,216.19,0.00,0.00,0.00,216.190000,216.19
2024-03,Project 011,project-011,000000000011,Hierarchy 017,196.15,0.00,0.00,-0.72,195.430000,195.43
2024-03,Project 009,project-009,000000000009,Hierarchy 022,220.45,0.00,-16.88,-31.14,172.430000,172.43
2024-03,Project 012,project-012,000000000012,Hierarchy 023,45.56,0.00,0.00,0.00,45.560000,45.56
2024-03,Project 013,project-013,000000000013,Hierarchy 024,6.33,0.00,0.00,0.00,6.330000,6.33
2024-03,Project 014,project-014,000000000014,Hierarchy 021,2.96,0.00,0.00,0.00,2.960000,2.96
2024-03,Project 015,project-015,000000000015,Hierarchy 025,0.61,0.00,0.00,0.00,0.610000,0.61
2024-03,Project 016,project-016,000000000016,Hierarchy 026,0.25,0.00,0.00,0.00,0.250000,0.25
2024-03,Project 018,project-018,000000000018,Hierarchy 025,0.10,0.00,0.00,0.00,0.100000,0.10
2024-03,Project 020,project-020,000000000020,Hierarchy 029,0.02,0.00,0.00,0.00,0.020000,0.02
2024-03,Project 017,project-017,000000000017,Hierarchy 027,0.02,0.00,0.00,0.00,0.020000,0.02
2024-03,Project 021,project-021,000000000021,Hierarchy 030,0.01,0.00,0.00,0.00,0.010000,0.01
2024-03,Project 022,project-022,000000000022,Hierarchy 031,0.01,0.00,0.00,0.00,0.010000,0.01
2024-03,Project 019,project-019,000000000019,Hierarchy 028,0.00,0.00,0.00,0.00,0.000000,0.00
2024-03,Project 028,project-028,000000000028,Hierarchy 022,8.16,0.00,0.00,-8.89,-0.730000,-0.73
2024-03,Project 027,,,,-1.68,0.00,0.00,0.00,-1.680000,-1.68
2024-02,Project 001,project-001,000000000001,Hierarchy 018,31083.71,0.00,-9386.83,-780.11,20916.770000,20916.77
2024-02,Project 002,project-002,000000000002,Hierarchy 018,14292.50,0.00,-2638.24,-255.72,11398.540000,11398.54
2024-02,Project 004,project-004,000000000004,Hierarchy 020,10124.95,0.00,-3101.79,-282.14,6741.020000,6741.02
2024-02,Project 005,project-005,000000000005,Hierarchy 018,7237.03,0.00,-1477.45,-83.17,5676.410000,5676.41
2024-02,Project 003,project-003,000000000003,Hierarchy 019,8064.67,0.00,-2752.64,-252.62,5059.410000,5059.41
2024-02,Project 007,project-007,000000000007,Hierarchy 020,5393.44,0.00,-1809.61,-50.87,3532.960000,3532.96
2024-02,Project 008,project-008,000000000008,Hierarchy 019,4360.14,0.00,-1165.60,-120.20,3074.340000,3074.34
2024-02,Project 006,project-006,000000000006,Hierarchy 021,3026.26,0.00,-976.26,-102.51,1947.490000,1947.49
2024-02,Project 030,project-030,000000000030,Hierarchy 020,2504.39,0.00,-770.75,-32.85,1700.790000,1700.79
2024-02,Project 029,project-029,000000000029,Hierarchy 019,2241.41,0.00,-768.59,-43.31,1429.510000,1429.51
2024-02,Project 010,project-010,000000000010,Hierarchy 031,196.05,0.00,0.00,0.00,196.050000,196.05
2024-02,Project 011,project-011,000000000011,Hierarchy 017,194.70,0.00,0.00,-0.64,194.060000,194.06
2024-02,Project 009,project-009,000000000009,Hierarchy 022,233.38,0.00,-8.65,-33.40,191.330000,191.33
2024-02,Project 012,project-012,000000000012,Hierarchy 023,47.73,0.00,0.00,0.00,47.730000,47.73
2024-02,Project 027,,,,36.84,0.00,0.00,0.00,36.840000,36.84
2024-02,Project 014,project-014,000000000014,Hierarchy 021,28.82,0.00,0.00,-5.89,22.930000,22.93
2024-02,Project 013,project-013,000000000013,Hierarchy 024,6.58,0.00,0.00,0.00,6.580000,6.58
2024-02,Project 015,project-015,000000000015,Hierarchy 025,4.86,0.00,0.00,0.00,4.860000,4.86
2024-02,Project 016,project-016,000000000016,Hierarchy 026,0.25,0.00,0.00,0.00,0.250000,0.25
2024-02,Project 018,project-018,000000000018,Hierarchy 025,0.10,0.00,0.00,0.00,0.100000,0.10
2024-02,Project 020,project-020,000000000020,Hierarchy 029,0.02,0.00,0.00,0.00,0.020000,0.02
2024-02,Project 017,project-017,000000000017,Hierarchy 027,0.02,0.00,0.00,0.00,0.020000,0.02
2024-02,Project 021,project-021,000000000021,Hierarchy 030,0.01,0.00,0.00,0.00,0.010000,0.01
2024-02,Project 022,project-022,000000000022,Hierarchy 031,0.01,0.00,0.00,0.00,0.010000,0.01
2024-02,Project 019,project-019,000000000019,Hierarchy 028,0.00,0.00,0.00,0.00,0.000000,0.00
2024-02,Project 023,project-023,000000000023,Hierarchy 029,0.00,0.00,0.00,0.00,0.000000,0.00
2024-02,Project 028,project-028,000000000028,Hierarchy 022,7.34,0.00,0.00,-6.19,1.150000,1.15
,,,,,,,Subtotal,1296500.58,1296500.58,
,,,,,,,Adjustments,-2.90,-3.17,
,,,,,,,Tax,263875.97,259322.08,
,,,,,,,Invoice total,1560373.65,1555819.49,
