Month,Region,List cost ($),Negotiated savings ($),Savings programs ($),Other savings ($),Unrounded subtotal ($),Subtotal ($)
2026-02,europe-west1,36880.11,0.00,-10219.83,-1639.36,25020.920000,25020.92
2026-02,europe,9422.11,0.00,0.00,0.00,9422.110000,9422.11
2026-02,europe-west3,5676.71,0.00,-2741.85,-89.14,2845.720000,2845.72
2026-02,eu,2491.14,0.00,0.00,0.00,2491.140000,2491.14
2026-02,us,1635.11,0.00,0.00,0.00,1635.110000,1635.11
2026-02,us-central1,1167.78,0.00,0.00,-1.50,1166.280000,1166.28
2026-02,global,186.17,0.00,0.00,0.00,186.170000,186.17
2026-02,europe-north1,114.49,0.00,0.00,0.00,114.490000,114.49
2026-02,europe-west9,39.69,0.00,0.00,0.00,39.690000,39.69
2026-02,,6.13,0.00,0.00,0.00,6.130000,6.13
2026-02,asia-east1,2.34,0.00,0.00,0.00,2.340000,2.34
2026-02,us-central2,2.23,0.00,0.00,0.00,2.230000,2.23
2026-02,us-east1,2.55,0.00,0.00,0.00,2.550000,2.55
2026-02,us-west1,2.58,0.00,0.00,0.00,2.580000,2.58
2026-02,europe-west4,2.17,0.00,0.00,0.00,2.170000,2.17
2026-02,asia-east2,0.06,0.00,0.00,0.00,0.060000,0.06
2026-02,asia-southeast1,0.03,0.00,0.00,0.00,0.030000,0.03
2026-02,europe-west2,0.03,0.00,0.00,0.00,0.030000,0.03
2026-02,europe-west12,0.00,0.00,0.00,0.00,0.000000,0.00
2026-02,europe-west6,0.00,0.00,0.00,0.00,0.000000,0.00
2026-02,us-south1,0.00,0.00,0.00,0.00,0.000000,0.00
2026-02,us-east4,0.00,0.00,0.00,0.00,0.000000,0.00
2026-02,us-west2,0.00,0.00,0.00,0.00,0.000000,0.00
2026-02,us-east5,0.00,0.00,0.00,0.00,0.000000,0.00
2026-02,europe-north2,0.00,0.00,0.00,0.00,0.000000,0.00
2026-02,asia-south1,0.00,0.00,0.00,0.00,0.000000,0.00
2026-02,asia-southeast2,0.00,0.00,0.00,0.00,0.000000,0.00
2026-02,australia-southeast1,0.00,0.00,0.00,0.00,0.000000,0.00
2026-02,europe-central2,0.00,0.00,0.00,0.00,0.000000,0.00
2026-02,asia-northeast1,0.00,0.00,0.00,0.00,0.000000,0.00
2026-02,asia-south2,0.00,0.00,0.00,0.00,0.000000,0.00
2026-02,asia-northeast3,0.00,0.00,0.00,0.00,0.000000,0.00
2026-02,northamerica-northeast2,0.00,0.00,0.00,0.00,0.000000,0.00
2026-02,europe-southwest1,0.00,0.00,0.00,0.00,0.000000,0.00
2026-02,asia-southeast3,0.00,0.00,0.00,0.00,0.000000,0.00
2026-02,europe-west8,0.00,0.00,0.00,0.00,0.000000,0.00
2026-02,us-west8,0.00,0.00,0.00,0.00,0.000000,0.00
2026-02,europe-west10,0.00,0.00,0.00,0.00,0.000000,0.00
2026-01,europe-west1,43370.88,0.00,-11393.32,-1922.67,30054.890000,30054.89
2026-01,europe,8791.56,0.00,0.00,0.00,8791.560000,8791.56
2026-01,europe-west3,6835.51,0.00,-2626.62,-145.54,4063.350000,4063.35
2026-01,eu,2777.32,0.00,0.00,0.00,2777.320000,2777.32
2026-01,us,1487.54,0.00,0.00,0.00,1487.540000,1487.54
2026-01,us-central1,1297.48,0.00,0.00,-1.52,1295.960000,1295.96
2026-01,global,186.20,0.00,0.00,0.00,186.200000,186.20
2026-01,europe-north1,134.10,0.00,0.00,0.00,134.100000,134.10
2026-01,europe-west9,42.34,0.00,0.00,0.00,42.340000,42.34
2026-01,,7.13,0.00,0.00,0.00,7.130000,7.13
2026-01,asia-east1,2.32,0.00,0.00,0.00,2.320000,2.32
2026-01,us-central2,2.26,0.00,0.00,0.00,2.260000,2.26
2026-01,us-east1,2.18,0.00,0.00,0.00,2.180000,2.18
2026-01,us-west1,2.39,0.00,0.00,0.00,2.390000,2.39
2026-01,europe-west4,1.82,0.00,0.00,0.00,1.820000,1.82
2026-01,asia-east2,0.08,0.00,0.00,0.00,0.080000,0.08
2026-01,europe-west2,0.04,0.00,0.00,0.00,0.040000,0.04
2026-01,europe-west12,0.00,0.00,0.00,0.00,0.000000,0.00
2026-01,europe-west6,0.00,0.00,0.00,0.00,0.000000,0.00
2026-01,us-east4,0.00,0.00,0.00,0.00,0.000000,0.00
2026-01,us-west2,0.00,0.00,0.00,0.00,0.000000,0.00
2026-01,europe-central2,0.00,0.00,0.00,0.00,0.000000,0.00
2026-01,europe-north2,0.00,0.00,0.00,0.00,0.000000,0.00
2026-01,europe-west8,0.00,0.00,0.00,0.00,0.000000,0.00
2026-01,asia-southeast1,0.00,0.00,0.00,0.00,0.000000,0.00
2026-01,asia-south2,0.00,0.00,0.00,0.00,0.000000,0.00
2026-01,asia-northeast1,0.00,0.00,0.00,0.00,0.000000,0.00
2026-01,asia-south1,0.00,0.00,0.00,0.00,0.000000,0.00
2026-01,southamerica-east1,0.00,0.00,0.00,0.00,0.000000,0.00
2026-01,us-east5,0.00,0.00,0.00,0.00,0.000000,0.00
2026-01,us-south1,0.00,0.00,0.00,0.00,0.000000,0.00
2026-01,australia-southeast1,0.00,0.00,0.00,0.00,0.000000,0.00
2026-01,northamerica-northeast2,0.00,0.00,0.00,0.00,0.000000,0.00
2026-01,us-east7,0.00,0.00,0.00,0.00,0.000000,0.00
2026-01,us-west8,0.00,0.00,0.00,0.00,0.000000,0.00
2026-01,asia-northeast3,0.00,0.00,0.00,0.00,0.000000,0.00
2026-01,europe-southwest1,0.00,0.00,0.00,0.00,0.000000,0.00
2026-01,northamerica-northeast1,0.00,0.00,0.00,0.00,0.000000,0.00
2026-01,asia-northeast2,0.00,0.00,0.00,0.00,0.000000,0.00
2026-01,asia-southeast2,0.00,0.00,0.00,0.00,0.000000,0.00
2026-01,europe-west10,0.00,0.00,0.00,0.00,0.000000,0.00
2026-01,southamerica-west1,0.00,0.00,0.00,0.00,0.000000,0.00
2025-12,europe-west1,47140.58,0.00,-13280.61,-1404.86,32455.110000,32455.11
2025-12,europe,8756.53,0.00,0.00,0.00,8756.530000,8756.53
2025-12,europe-west3,7420.64,0.00,-2886.00,-90.77,4443.870000,4443.87
2025-12,eu,2688.95,0.00,0.00,0.00,2688.950000,2688.95
2025-12,us,1466.69,0.00,0.00,0.00,1466.690000,1466.69
2025-12,us-central1,1146.82,0.00,0.00,-1.63,1145.190000,1145.19
2025-12,global,167.52,0.00,0.00,0.00,167.520000,167.52
2025-12,europe-north1,127.80,0.00,0.00,0.00,127.800000,127.80
2025-12,europe-west9,40.71,0.00,0.00,0.00,40.710000,40.71
2025-12,,6.98,0.00,0.00,0.00,6.980000,6.98
2025-12,europe-west4,2.48,0.00,0.00,0.00,2.480000,2.48
2025-12,asia-east1,2.27,0.00,0.00,0.00,2.270000,2.27
2025-12,us-central2,2.00,0.00,0.00,0.00,2.000000,2.00
2025-12,us-east1,2.20,0.00,0.00,0.00,2.200000,2.20
2025-12,us-west1,2.09,0.00,0.00,0.00,2.090000,2.09
2025-12,europe-west2,0.07,0.00,0.00,0.00,0.070000,0.07
2025-12,europe-west12,0.00,0.00,0.00,0.00,0.000000,0.00
2025-12,europe-central2,0.00,0.00,0.00,0.00,0.000000,0.00
2025-12,us-east4,0.00,0.00,0.00,0.00,0.000000,0.00
2025-12,us-east7,0.00,0.00,0.00,0.00,0.000000,0.00
2025-12,asia-southeast1,0.00,0.00,0.00,0.00,0.000000,0.00
2025-12,europe-west6,0.00,0.00,0.00,0.00,0.000000,0.00
2025-12,europe-north2,0.00,0.00,0.00,0.00,0.000000,0.00
2025-12,australia-southeast1,0.00,0.00,0.00,0.00,0.000000,0.00
2025-12,asia-northeast1,0.00,0.00,0.00,0.00,0.000000,0.00
2025-12,us-west2,0.00,0.00,0.00,0.00,0.000000,0.00
2025-12,asia-east2,0.00,0.00,0.00,0.00,0.000000,0.00
2025-12,us-east5,0.00,0.00,0.00,0.00,0.000000,0.00
2025-12,asia-south1,0.00,0.00,0.00,0.00,0.000000,0.00
2025-12,europe-west8,0.00,0.00,0.00,0.00,0.000000,0.00
2025-12,asia-south2,0.00,0.00,0.00,0.00,0.000000,0.00
2025-12,europe-southwest1,0.00,0.00,0.00,0.00,0.000000,0.00
2025-12,southamerica-west1,0.00,0.00,0.00,0.00,0.000000,0.00
2025-12,southamerica-east1,0.00,0.00,0.00,0.00,0.000000,0.00
2025-12,northamerica-northeast2,0.00,0.00,0.00,0.00,0.000000,0.00
2025-12,asia-southeast3,0.00,0.00,0.00,0.00,0.000000,0.00
2025-12,asia-northeast3,0.00,0.00,0.00,0.00,0.000000,0.00
2025-12,africa-south1,0.00,0.00,0.00,0.00,0.000000,0.00
2025-12,us-south1,0.00,0.00,0.00,0.00,0.000000,0.00
2025-12,australia-southeast2,0.00,0.00,0.00,0.00,0.000000,0.00
2025-11,europe-west1,46039.14,0.00,-15777.80,-943.35,29317.990000,29317.99
2025-11,europe,9342.12,0.00,0.00,0.00,9342.120000,9342.12
2025-11,europe-west3,8680.07,0.00,-2998.70,-52.10,5629.270000,5629.27
2025-11,eu,2523.43,0.00,0.00,0.00,2523.430000,2523.43
2025-11,us,1364.40,0.00,0.00,0.00,1364.400000,1364.40
2025-11,us-central1,1272.68,0.00,0.00,-1.50,1271.180000,1271.18
2025-11,global,167.14,0.00,0.00,0.00,167.140000,167.14
2025-11,europe-north1,116.76,0.00,0.00,0.00,116.760000,116.76
2025-11,europe-west9,47.78,0.00,0.00,0.00,47.780000,47.78
2025-11,,8.05,0.00,0.00,0.00,8.050000,8.05
2025-11,asia-east1,2.33,0.00,0.00,0.00,2.330000,2.33
2025-11,europe-west4,1.97,0.00,0.00,0.00,1.970000,1.97
2025-11,us-central2,2.18,0.00,0.00,0.00,2.180000,2.18
2025-11,us-east1,2.15,0.00,0.00,0.00,2.150000,2.15
2025-11,us-west1,2.11,0.00,0.00,0.00,2.110000,2.11
2025-11,europe-west2,0.05,0.00,0.00,0.00,0.050000,0.05
2025-11,europe-west12,0.00,0.00,0.00,0.00,0.000000,0.00
2025-11,europe-central2,0.00,0.00,0.00,0.00,0.000000,0.00
2025-11,us-east4,0.00,0.00,0.00,0.00,0.000000,0.00
2025-11,europe-north2,0.00,0.00,0.00,0.00,0.000000,0.00
2025-11,us-west2,0.00,0.00,0.00,0.00,0.000000,0.00
2025-11,asia-south1,0.00,0.00,0.00,0.00,0.000000,0.00
2025-11,asia-southeast2,0.00,0.00,0.00,0.00,0.000000,0.00
2025-11,asia-east2,0.00,0.00,0.00,0.00,0.000000,0.00
2025-11,us-east5,0.00,0.00,0.00,0.00,0.000000,0.00
2025-11,asia-northeast1,0.00,0.00,0.00,0.00,0.000000,0.00
2025-11,asia-south2,0.00,0.00,0.00,0.00,0.000000,0.00
2025-11,us-east7,0.00,0.00,0.00,0.00,0.000000,0.00
2025-11,europe-west6,0.00,0.00,0.00,0.00,0.000000,0.00
2025-11,asia-southeast1,0.00,0.00,0.00,0.00,0.000000,0.00
2025-11,australia-southeast1,0.00,0.00,0.00,0.00,0.000000,0.00
2025-11,europe-west8,0.00,0.00,0.00,0.00,0.000000,0.00
2025-11,southamerica-east1,0.00,0.00,0.00,0.00,0.000000,0.00
2025-11,asia-northeast3,0.00,0.00,0.00,0.00,0.000000,0.00
2025-11,europe-southwest1,0.00,0.00,0.00,0.00,0.000000,0.00
2025-11,southamerica-west1,0.00,0.00,0.00,0.00,0.000000,0.00
2025-11,us-south1,0.00,0.00,0.00,0.00,0.000000,0.00
2025-11,northamerica-northeast2,0.00,0.00,0.00,0.00,0.000000,0.00
2025-11,us-west8,0.00,0.00,0.00,0.00,0.000000,0.00
2025-10,europe-west1,51381.70,0.00,-15410.52,-1201.06,34770.120000,34770.12
2025-10,europe,9675.61,0.00,0.00,0.00,9675.610000,9675.61
2025-10,europe-west3,8097.01,0.00,-3683.15,-58.17,4355.690000,4355.69
2025-10,eu,2749.97,0.00,0.00,0.00,2749.970000,2749.97
2025-10,us-central1,1268.98,0.00,0.00,-1.42,1267.560000,1267.56
2025-10,us,505.37,0.00,0.00,0.00,505.370000,505.37
2025-10,global,213.44,0.00,0.00,0.00,213.440000,213.44
2025-10,europe-north1,127.04,0.00,0.00,0.00,127.040000,127.04
2025-10,europe-west9,41.75,0.00,0.00,0.00,41.750000,41.75
2025-10,,9.32,0.00,0.00,0.00,9.320000,9.32
2025-10,europe-west4,3.24,0.00,0.00,0.00,3.240000,3.24
2025-10,asia-east1,2.27,0.00,0.00,0.00,2.270000,2.27
2025-10,us-east1,1.86,0.00,0.00,0.00,1.860000,1.86
2025-10,us-central2,2.03,0.00,0.00,0.00,2.030000,2.03
2025-10,us-west1,2.07,0.00,0.00,0.00,2.070000,2.07
2025-10,europe-west2,0.16,0.00,0.00,0.00,0.160000,0.16
2025-10,europe-west12,0.00,0.00,0.00,0.00,0.000000,0.00
2025-10,europe-central2,0.00,0.00,0.00,0.00,0.000000,0.00
2025-10,us-east4,0.00,0.00,0.00,0.00,0.000000,0.00
2025-10,me-central1,0.00,0.00,0.00,0.00,0.000000,0.00
2025-10,asia-southeast2,0.00,0.00,0.00,0.00,0.000000,0.00
2025-10,europe-north2,0.00,0.00,0.00,0.00,0.000000,0.00
2025-10,europe-west10,0.00,0.00,0.00,0.00,0.000000,0.00
2025-10,asia-southeast3,0.00,0.00,0.00,0.00,0.000000,0.00
2025-10,us-east7,0.00,0.00,0.00,0.00,0.000000,0.00
2025-10,us-west2,0.00,0.00,0.00,0.00,0.000000,0.00
2025-10,asia-southeast1,0.00,0.00,0.00,0.00,0.000000,0.00
2025-10,asia-east2,0.00,0.00,0.00,0.00,0.000000,0.00
2025-10,australia-southeast1,0.00,0.00,0.00,0.00,0.000000,0.00
2025-10,us-east5,0.00,0.00,0.00,0.00,0.000000,0.00
2025-10,europe-west8,0.00,0.00,0.00,0.00,0.000000,0.00
2025-10,europe-west6,0.00,0.00,0.00,0.00,0.000000,0.00
2025-10,asia-south1,0.00,0.00,0.00,0.00,0.000000,0.00
2025-10,asia-northeast3,0.00,0.00,0.00,0.00,0.000000,0.00
2025-10,us-south1,0.00,0.00,0.00,0.00,0.000000,0.00
2025-10,asia-south2,0.00,0.00,0.00,0.00,0.000000,0.00
2025-10,northamerica-northeast1,0.00,0.00,0.00,0.00,0.000000,0.00
2025-10,europe-southwest1,0.00,0.00,0.00,0.00,0.000000,0.00
2025-10,asia-northeast1,0.00,0.00,0.00,0.00,0.000000,0.00
2025-10,northamerica-northeast2,0.00,0.00,0.00,0.00,0.000000,0.00
2025-09,europe-west1,46668.51,0.00,-15048.67,-1018.99,30600.850000,30600.85
2025-09,europe,12955.26,0.00,0.00,0.00,12955.260000,12955.26
2025-09,europe-west3,9096.15,0.00,-3723.91,-50.09,5322.150000,5322.15
2025-09,eu,2765.26,0.00,0.00,0.00,2765.260000,2765.26
2025-09,us-central1,1171.97,0.00,0.00,-1.43,1170.540000,1170.54
2025-09,us,495.86,0.00,0.00,0.00,495.860000,495.86
2025-09,global,216.04,0.00,0.00,0.00,216.040000,216.04
2025-09,europe-north1,130.15,0.00,0.00,0.00,130.150000,130.15
2025-09,europe-west9,45.79,0.00,0.00,0.00,45.790000,45.79
2025-09,,3.77,0.00,0.00,0.00,3.770000,3.77
2025-09,europe-west4,2.78,0.00,0.00,0.00,2.780000,2.78
2025-09,asia-east1,2.39,0.00,0.00,0.00,2.390000,2.39
2025-09,us-east1,1.88,0.00,0.00,0.00,1.880000,1.88
2025-09,us-central2,1.74,0.00,0.00,0.00,1.740000,1.74
2025-09,us-west1,1.81,0.00,0.00,0.00,1.810000,1.81
2025-09,europe-west2,0.15,0.00,0.00,0.00,0.150000,0.15
2025-09,us-east4,0.00,0.00,0.00,0.00,0.000000,0.00
2025-09,asia-southeast1,0.00,0.00,0.00,0.00,0.000000,0.00
2025-09,europe-central2,0.00,0.00,0.00,0.00,0.000000,0.00
2025-09,us-west2,0.00,0.00,0.00,0.00,0.000000,0.00
2025-09,asia-south1,0.00,0.00,0.00,0.00,0.000000,0.00
2025-09,europe-north2,0.00,0.00,0.00,0.00,0.000000,0.00
2025-09,europe-west12,0.00,0.00,0.00,0.00,0.000000,0.00
2025-09,northamerica-northeast1,0.00,0.00,0.00,0.00,0.000000,0.00
2025-09,europe-west6,0.00,0.00,0.00,0.00,0.000000,0.00
2025-09,us-east5,0.00,0.00,0.00,0.00,0.000000,0.00
2025-09,asia-east2,0.00,0.00,0.00,0.00,0.000000,0.00
2025-09,southamerica-east1,0.00,0.00,0.00,0.00,0.000000,0.00
2025-09,australia-southeast1,0.00,0.00,0.00,0.00,0.000000,0.00
2025-09,asia-northeast1,0.00,0.00,0.00,0.00,0.000000,0.00
2025-09,asia-northeast3,0.00,0.00,0.00,0.00,0.000000,0.00
2025-09,asia-northeast2,0.00,0.00,0.00,0.00,0.000000,0.00
2025-09,northamerica-northeast2,0.00,0.00,0.00,0.00,0.000000,0.00
2025-09,me-central1,0.00,0.00,0.00,0.00,0.000000,0.00
2025-09,asia-southeast2,0.00,0.00,0.00,0.00,0.000000,0.00
2025-09,southamerica-west1,0.00,0.00,0.00,0.00,0.000000,0.00
2025-09,europe-west10,0.00,0.00,0.00,0.00,0.000000,0.00
2025-09,asia-south2,0.00,0.00,0.00,0.00,0.000000,0.00
2025-09,us-south1,0.00,0.00,0.00,0.00,0.000000,0.00
2025-09,europe-west8,0.00,0.00,0.00,0.00,0.000000,0.00
2025-09,europe-southwest1,0.00,0.00,0.00,0.00,0.000000,0.00
2025-09,africa-south1,0.00,0.00,0.00,0.00,0.000000,0.00
2025-09,australia-southeast2,0.00,0.00,0.00,0.00,0.000000,0.00
2025-09,me-central2,0.00,0.00,0.00,0.00,0.000000,0.00
2025-09,me-west1,0.00,0.00,0.00,0.00,0.000000,0.00
2025-09,northamerica-south1,0.00,0.00,0.00,0.00,0.000000,0.00
2025-09,us-west3,0.00,0.00,0.00,0.00,0.000000,0.00
2025-09,us-west4,0.00,0.00,0.00,0.00,0.000000,0.00
2025-08,europe-west1,53481.14,0.00,-15136.54,-1369.70,36974.900000,36974.90
2025-08,europe,11904.64,0.00,0.00,0.00,11904.640000,11904.64
2025-08,europe-west3,8947.60,0.00,-3611.96,-52.06,5283.580000,5283.58
2025-08,eu,2616.33,0.00,0.00,0.00,2616.330000,2616.33
2025-08,us-central1,1440.55,0.00,0.00,-1.39,1439.160000,1439.16
2025-08,us,418.76,0.00,0.00,0.00,418.760000,418.76
2025-08,global,169.88,0.00,0.00,0.00,169.880000,169.88
2025-08,europe-north1,126.56,0.00,0.00,0.00,126.560000,126.56
2025-08,europe-west9,47.22,0.00,0.00,0.00,47.220000,47.22
2025-08,europe-west2,4.34,0.00,0.00,0.00,4.340000,4.34
2025-08,,2.88,0.00,0.00,0.00,2.880000,2.88
2025-08,europe-west4,2.15,0.00,0.00,0.00,2.150000,2.15
2025-08,asia-east1,2.03,0.00,0.00,0.00,2.030000,2.03
2025-08,us-east1,1.78,0.00,0.00,0.00,1.780000,1.78
2025-08,us-central2,1.98,0.00,0.00,0.00,1.980000,1.98
2025-08,us-west1,1.69,0.00,0.00,0.00,1.690000,1.69
2025-08,europe-central2,0.00,0.00,0.00,0.00,0.000000,0.00
2025-08,europe-west12,0.00,0.00,0.00,0.00,0.000000,0.00
2025-08,asia-southeast1,0.00,0.00,0.00,0.00,0.000000,0.00
2025-08,us-east4,0.00,0.00,0.00,0.00,0.000000,0.00
2025-08,europe-north2,0.00,0.00,0.00,0.00,0.000000,0.00
2025-08,us-east7,0.00,0.00,0.00,0.00,0.000000,0.00
2025-08,us-west2,0.00,0.00,0.00,0.00,0.000000,0.00
2025-08,us-east5,0.00,0.00,0.00,0.00,0.000000,0.00
2025-08,europe-west10,0.00,0.00,0.00,0.00,0.000000,0.00
2025-08,asia-east2,0.00,0.00,0.00,0.00,0.000000,0.00
2025-08,europe-west8,0.00,0.00,0.00,0.00,0.000000,0.00
2025-08,us-south1,0.00,0.00,0.00,0.00,0.000000,0.00
2025-08,me-central1,0.00,0.00,0.00,0.00,0.000000,0.00
2025-08,asia-northeast3,0.00,0.00,0.00,0.00,0.000000,0.00
2025-08,asia-south1,0.00,0.00,0.00,0.00,0.000000,0.00
2025-08,northamerica-northeast2,0.00,0.00,0.00,0.00,0.000000,0.00
2025-08,europe-west6,0.00,0.00,0.00,0.00,0.000000,0.00
2025-08,southamerica-west1,0.00,0.00,0.00,0.00,0.000000,0.00
2025-08,australia-southeast1,0.00,0.00,0.00,0.00,0.000000,0.00
2025-08,asia-northeast1,0.00,0.00,0.00,0.00,0.000000,0.00
2025-08,southamerica-east1,0.00,0.00,0.00,0.00,0.000000,0.00
2025-08,europe-southwest1,0.00,0.00,0.00,0.00,0.000000,0.00
2025-08,us-west8,0.00,0.00,0.00,0.00,0.000000,0.00
2025-07,europe-west1,49394.47,0.00,-14878.18,-1422.63,33093.660000,33093.66
2025-07,europe,9352.38,0.00,0.00,0.00,9352.380000,9352.38
2025-07,europe-west3,8279.60,0.00,-3443.22,-60.03,4776.350000,4776.35
2025-07,eu,2235.71,0.00,0.00,0.00,2235.710000,2235.71
2025-07,us-central1,1273.49,0.00,0.00,-1.46,1272.030000,1272.03
2025-07,us,543.65,0.00,0.00,0.00,543.650000,543.65
2025-07,global,402.74,0.00,0.00,0.00,402.740000,402.74
2025-07,europe-north1,114.24,0.00,0.00,0.00,114.240000,114.24
2025-07,europe-west9,41.87,0.00,0.00,0.00,41.870000,41.87
2025-07,,6.36,0.00,0.00,0.00,6.360000,6.36
2025-07,europe-west2,4.07,0.00,0.00,0.00,4.070000,4.07
2025-07,europe-west4,2.33,0.00,0.00,0.00,2.330000,2.33
2025-07,asia-east1,2.03,0.00,0.00,0.00,2.030000,2.03
2025-07,us-east1,1.76,0.00,0.00,0.00,1.760000,1.76
2025-07,us-central2,1.59,0.00,0.00,0.00,1.590000,1.59
2025-07,us-west1,1.87,0.00,0.00,0.00,1.870000,1.87
2025-07,europe-central2,0.00,0.00,0.00,0.00,0.000000,0.00
2025-07,us-west2,0.00,0.00,0.00,0.00,0.000000,0.00
2025-07,us-east4,0.00,0.00,0.00,0.00,0.000000,0.00
2025-07,asia-southeast1,0.00,0.00,0.00,0.00,0.000000,0.00
2025-07,asia-southeast2,0.00,0.00,0.00,0.00,0.000000,0.00
2025-07,us-east5,0.00,0.00,0.00,0.00,0.000000,0.00
2025-07,europe-west12,0.00,0.00,0.00,0.00,0.000000,0.00
2025-07,europe-north2,0.00,0.00,0.00,0.00,0.000000,0.00
2025-07,europe-west8,0.00,0.00,0.00,0.00,0.000000,0.00
2025-07,europe-west10,0.00,0.00,0.00,0.00,0.000000,0.00
2025-07,asia-east2,0.00,0.00,0.00,0.00,0.000000,0.00
2025-07,asia-northeast3,0.00,0.00,0.00,0.00,0.000000,0.00
2025-07,northamerica-northeast2,0.00,0.00,0.00,0.00,0.000000,0.00
2025-07,australia-southeast1,0.00,0.00,0.00,0.00,0.000000,0.00
2025-07,asia-south1,0.00,0.00,0.00,0.00,0.000000,0.00
2025-07,southamerica-west1,0.00,0.00,0.00,0.00,0.000000,0.00
2025-07,europe-west6,0.00,0.00,0.00,0.00,0.000000,0.00
2025-07,asia-northeast1,0.00,0.00,0.00,0.00,0.000000,0.00
2025-07,me-central1,0.00,0.00,0.00,0.00,0.000000,0.00
2025-07,us-west8,0.00,0.00,0.00,0.00,0.000000,0.00
2025-07,europe-southwest1,0.00,0.00,0.00,0.00,0.000000,0.00
2025-07,us-east7,0.00,0.00,0.00,0.00,0.000000,0.00
2025-07,us-south1,0.00,0.00,0.00,0.00,0.000000,0.00
2025-07,southamerica-east1,0.00,0.00,0.00,0.00,0.000000,0.00
2025-06,europe-west1,50674.67,0.00,-18285.13,-1136.34,31253.200000,31253.20
2025-06,europe,10907.74,0.00,0.00,0.00,10907.740000,10907.74
2025-06,europe-west3,7930.72,0.00,-3413.61,-47.16,4469.950000,4469.95
2025-06,us-central1,1327.17,0.00,0.00,-1.50,1325.670000,1325.67
2025-06,eu,695.20,0.00,0.00,0.00,695.200000,695.20
2025-06,us,453.23,0.00,0.00,0.00,453.230000,453.23
2025-06,global,398.00,0.00,0.00,0.00,398.000000,398.00
2025-06,europe-north1,119.17,0.00,0.00,0.00,119.170000,119.17
2025-06,europe-west9,40.85,0.00,0.00,0.00,40.850000,40.85
2025-06,,7.41,0.00,0.00,0.00,7.410000,7.41
2025-06,europe-west4,2.83,0.00,0.00,0.00,2.830000,2.83
2025-06,asia-east1,1.56,0.00,0.00,0.00,1.560000,1.56
2025-06,us-east1,1.70,0.00,0.00,0.00,1.700000,1.70
2025-06,us-central2,1.53,0.00,0.00,0.00,1.530000,1.53
2025-06,us-west1,1.47,0.00,0.00,0.00,1.470000,1.47
2025-06,asia-southeast1,0.21,0.00,0.00,0.00,0.210000,0.21
2025-06,europe-west2,0.03,0.00,0.00,0.00,0.030000,0.03
2025-06,us-west2,0.00,0.00,0.00,0.00,0.000000,0.00
2025-06,europe-west12,0.00,0.00,0.00,0.00,0.000000,0.00
2025-06,us-east4,0.00,0.00,0.00,0.00,0.000000,0.00
2025-06,europe-central2,0.00,0.00,0.00,0.00,0.000000,0.00
2025-06,europe-north2,0.00,0.00,0.00,0.00,0.000000,0.00
2025-06,asia-northeast3,0.00,0.00,0.00,0.00,0.000000,0.00
2025-06,northamerica-northeast2,0.00,0.00,0.00,0.00,0.000000,0.00
2025-06,asia-east2,0.00,0.00,0.00,0.00,0.000000,0.00
2025-06,us-east7,0.00,0.00,0.00,0.00,0.000000,0.00
2025-06,asia-south1,0.00,0.00,0.00,0.00,0.000000,0.00
2025-06,us-east5,0.00,0.00,0.00,0.00,0.000000,0.00
2025-06,australia-southeast1,0.00,0.00,0.00,0.00,0.000000,0.00
2025-06,europe-west8,0.00,0.00,0.00,0.00,0.000000,0.00
2025-06,asia-northeast1,0.00,0.00,0.00,0.00,0.000000,0.00
2025-06,europe-west6,0.00,0.00,0.00,0.00,0.000000,0.00
2025-06,northamerica-northeast1,0.00,0.00,0.00,0.00,0.000000,0.00
2025-06,asia-south2,0.00,0.00,0.00,0.00,0.000000,0.00
2025-06,asia-southeast2,0.00,0.00,0.00,0.00,0.000000,0.00
2025-06,us-south1,0.00,0.00,0.00,0.00,0.000000,0.00
2025-06,us-west8,0.00,0.00,0.00,0.00,0.000000,0.00
2025-05,europe-west1,50491.62,0.00,-15869.11,-1279.08,33343.430000,33343.43
2025-05,europe,10711.28,0.00,0.00,0.00,10711.280000,10711.28
2025-05,europe-west3,8593.08,0.00,-3484.01,-53.03,5056.040000,5056.04
2025-05,us-central1,1241.16,0.00,0.00,-1.58,1239.580000,1239.58
2025-05,eu,703.70,0.00,0.00,0.00,703.700000,703.70
2025-05,us,577.55,0.00,0.00,0.00,577.550000,577.55
2025-05,global,382.87,0.00,0.00,0.00,382.870000,382.87
2025-05,europe-north1,137.52,0.00,0.00,0.00,137.520000,137.52
2025-05,europe-west9,45.48,0.00,0.00,0.00,45.480000,45.48
2025-05,,6.08,0.00,0.00,0.00,6.080000,6.08
2025-05,europe-west4,3.65,0.00,0.00,0.00,3.650000,3.65
2025-05,asia-east1,1.67,0.00,0.00,0.00,1.670000,1.67
2025-05,us-east1,1.46,0.00,0.00,0.00,1.460000,1.46
2025-05,us-central2,1.59,0.00,0.00,0.00,1.590000,1.59
2025-05,us-west1,1.68,0.00,0.00,0.00,1.680000,1.68
2025-05,asia-southeast1,0.07,0.00,0.00,0.00,0.070000,0.07
2025-05,europe-west2,0.04,0.00,0.00,0.00,0.040000,0.04
2025-05,us-west2,0.00,0.00,0.00,0.00,0.000000,0.00
2025-05,us-east4,0.00,0.00,0.00,0.00,0.000000,0.00
2025-05,europe-west8,0.00,0.00,0.00,0.00,0.000000,0.00
2025-05,us-east5,0.00,0.00,0.00,0.00,0.000000,0.00
2025-05,europe-central2,0.00,0.00,0.00,0.00,0.000000,0.00
2025-05,europe-north2,0.00,0.00,0.00,0.00,0.000000,0.00
2025-05,asia-east2,0.00,0.00,0.00,0.00,0.000000,0.00
2025-05,asia-south1,0.00,0.00,0.00,0.00,0.000000,0.00
2025-05,us-south1,0.00,0.00,0.00,0.00,0.000000,0.00
2025-05,northamerica-northeast2,0.00,0.00,0.00,0.00,0.000000,0.00
2025-05,asia-northeast1,0.00,0.00,0.00,0.00,0.000000,0.00
2025-05,australia-southeast1,0.00,0.00,0.00,0.00,0.000000,0.00
2025-05,asia-southeast2,0.00,0.00,0.00,0.00,0.000000,0.00
2025-05,europe-west6,0.00,0.00,0.00,0.00,0.000000,0.00
2025-05,southamerica-west1,0.00,0.00,0.00,0.00,0.000000,0.00
2025-05,us-west8,0.00,0.00,0.00,0.00,0.000000,0.00
2025-05,us-east7,0.00,0.00,0.00,0.00,0.000000,0.00
2025-05,asia-northeast3,0.00,0.00,0.00,0.00,0.000000,0.00
2025-05,southamerica-east1,0.00,0.00,0.00,0.00,0.000000,0.00
2025-04,europe-west1,46539.33,0.00,-17781.43,-3915.92,24841.980000,24841.98
2025-04,europe,10215.58,0.00,0.00,0.00,10215.580000,10215.58
2025-04,europe-west3,7931.45,0.00,-3175.44,-252.17,4503.840000,4503.84
2025-04,us-central1,1235.44,0.00,0.00,-1.57,1233.870000,1233.87
2025-04,eu,903.07,0.00,0.00,0.00,903.070000,903.07
2025-04,global,331.86,0.00,0.00,0.00,331.860000,331.86
2025-04,us,319.29,0.00,0.00,0.00,319.290000,319.29
2025-04,europe-north1,132.35,0.00,0.00,0.00,132.350000,132.35
2025-04,europe-west9,40.97,0.00,0.00,0.00,40.970000,40.97
2025-04,,5.65,0.00,0.00,0.00,5.650000,5.65
2025-04,europe-west4,2.92,0.00,0.00,0.00,2.920000,2.92
2025-04,asia-east1,1.48,0.00,0.00,0.00,1.480000,1.48
2025-04,us-east1,1.41,0.00,0.00,0.00,1.410000,1.41
2025-04,us-central2,1.38,0.00,0.00,0.00,1.380000,1.38
2025-04,us-west1,1.35,0.00,0.00,0.00,1.350000,1.35
2025-04,asia-southeast1,0.34,0.00,0.00,0.00,0.340000,0.34
2025-04,europe-west2,0.03,0.00,0.00,0.00,0.030000,0.03
2025-04,europe-north2,0.00,0.00,0.00,0.00,0.000000,0.00
2025-04,europe-west12,0.00,0.00,0.00,0.00,0.000000,0.00
2025-04,us-east4,0.00,0.00,0.00,0.00,0.000000,0.00
2025-04,us-west2,0.00,0.00,0.00,0.00,0.000000,0.00
2025-04,europe-west8,0.00,0.00,0.00,0.00,0.000000,0.00
2025-04,europe-central2,0.00,0.00,0.00,0.00,0.000000,0.00
2025-04,asia-south1,0.00,0.00,0.00,0.00,0.000000,0.00
2025-04,northamerica-northeast1,0.00,0.00,0.00,0.00,0.000000,0.00
2025-04,us-east7,0.00,0.00,0.00,0.00,0.000000,0.00
2025-04,asia-east2,0.00,0.00,0.00,0.00,0.000000,0.00
2025-04,australia-southeast1,0.00,0.00,0.00,0.00,0.000000,0.00
2025-04,asia-northeast1,0.00,0.00,0.00,0.00,0.000000,0.00
2025-04,europe-west6,0.00,0.00,0.00,0.00,0.000000,0.00
2025-04,europe-west10,0.00,0.00,0.00,0.00,0.000000,0.00
2025-04,northamerica-northeast2,0.00,0.00,0.00,0.00,0.000000,0.00
2025-04,asia-southeast2,0.00,0.00,0.00,0.00,0.000000,0.00
2025-04,asia-northeast3,0.00,0.00,0.00,0.00,0.000000,0.00
2025-04,southamerica-east1,0.00,0.00,0.00,0.00,0.000000,0.00
2025-04,us-south1,0.00,0.00,0.00,0.00,0.000000,0.00
2025-04,asia-northeast2,0.00,0.00,0.00,0.00,0.000000,0.00
2025-04,asia-south2,0.00,0.00,0.00,0.00,0.000000,0.00
2025-03,europe-west1,53892.88,0.00,-18800.07,-4532.91,30559.900000,30559.90
2025-03,europe,9149.90,0.00,0.00,0.00,9149.900000,9149.90
2025-03,europe-west3,8584.93,0.00,-3315.20,-246.38,5023.350000,5023.35
2025-03,us-central1,1419.71,0.00,0.00,-1.48,1418.230000,1418.23
2025-03,eu,901.23,0.00,0.00,0.00,901.230000,901.23
2025-03,global,431.72,0.00,0.00,0.00,431.720000,431.72
2025-03,us,314.14,0.00,0.00,0.00,314.140000,314.14
2025-03,europe-north1,246.89,0.00,0.00,-0.26,246.630000,246.63
2025-03,europe-west9,39.61,0.00,0.00,0.00,39.610000,39.61
2025-03,,3.95,0.00,0.00,0.00,3.950000,3.95
2025-03,europe-west4,3.29,0.00,0.00,0.00,3.290000,3.29
2025-03,asia-east1,1.74,0.00,0.00,0.00,1.740000,1.74
2025-03,us-central2,1.63,0.00,0.00,0.00,1.630000,1.63
2025-03,us-east1,1.08,0.00,0.00,0.00,1.080000,1.08
2025-03,us-west1,1.03,0.00,0.00,0.00,1.030000,1.03
2025-03,europe-west2,0.05,0.00,0.00,0.00,0.050000,0.05
2025-03,asia-southeast1,0.04,0.00,0.00,0.00,0.040000,0.04
2025-03,us-east4,0.00,0.00,0.00,0.00,0.000000,0.00
2025-03,europe-west10,0.00,0.00,0.00,0.00,0.000000,0.00
2025-03,europe-west6,0.00,0.00,0.00,0.00,0.000000,0.00
2025-03,europe-north2,0.00,0.00,0.00,0.00,0.000000,0.00
2025-03,me-west1,0.00,0.00,0.00,0.00,0.000000,0.00
2025-03,us-east5,0.00,0.00,0.00,0.00,0.000000,0.00
2025-03,us-west2,0.00,0.00,0.00,0.00,0.000000,0.00
2025-03,europe-west8,0.00,0.00,0.00,0.00,0.000000,0.00
2025-03,asia-northeast3,0.00,0.00,0.00,0.00,0.000000,0.00
2025-03,europe-west12,0.00,0.00,0.00,0.00,0.000000,0.00
2025-03,europe-southwest1,0.00,0.00,0.00,0.00,0.000000,0.00
2025-03,northamerica-northeast2,0.00,0.00,0.00,0.00,0.000000,0.00
2025-03,europe-central2,0.00,0.00,0.00,0.00,0.000000,0.00
2025-03,me-central2,0.00,0.00,0.00,0.00,0.000000,0.00
2025-03,asia-east2,0.00,0.00,0.00,0.00,0.000000,0.00
2025-03,northamerica-northeast1,0.00,0.00,0.00,0.00,0.000000,0.00
2025-03,asia-south1,0.00,0.00,0.00,0.00,0.000000,0.00
2025-03,us-west4,0.00,0.00,0.00,0.00,0.000000,0.00
2025-03,asia-northeast1,0.00,0.00,0.00,0.00,0.000000,0.00
2025-03,northamerica-south1,0.00,0.00,0.00,0.00,0.000000,0.00
2025-03,us-south1,0.00,0.00,0.00,0.00,0.000000,0.00
2025-03,asia-southeast2,0.00,0.00,0.00,0.00,0.000000,0.00
2025-03,australia-southeast1,0.00,0.00,0.00,0.00,0.000000,0.00
2025-03,southamerica-east1,0.00,0.00,0.00,0.00,0.000000,0.00
2025-03,us-west8,0.00,0.00,0.00,0.00,0.000000,0.00
2025-03,us-west3,0.00,0.00,0.00,0.00,0.000000,0.00
2025-03,africa-south1,0.00,0.00,0.00,0.00,0.000000,0.00
2025-03,asia-northeast2,0.00,0.00,0.00,0.00,0.000000,0.00
2025-03,asia-south2,0.00,0.00,0.00,0.00,0.000000,0.00
2025-03,australia-southeast2,0.00,0.00,0.00,0.00,0.000000,0.00
2025-03,me-central1,0.00,0.00,0.00,0.00,0.000000,0.00
2025-03,southamerica-west1,0.00,0.00,0.00,0.00,0.000000,0.00
2025-02,europe-west1,48789.55,0.00,-15968.47,-3793.30,29027.780000,29027.78
2025-02,europe,8360.62,0.00,0.00,0.00,8360.620000,8360.62
2025-02,europe-west3,8703.50,0.00,-3527.78,-201.61,4974.110000,4974.11
2025-02,us-central1,1129.32,0.00,0.00,-1.28,1128.040000,1128.04
2025-02,eu,669.46,0.00,0.00,0.00,669.460000,669.46
2025-02,global,433.75,0.00,0.00,0.00,433.750000,433.75
2025-02,europe-north1,443.17,0.00,0.00,-0.79,442.380000,442.38
2025-02,us,258.14,0.00,0.00,0.00,258.140000,258.14
2025-02,europe-west9,38.46,0.00,0.00,0.00,38.460000,38.46
2025-02,,3.17,0.00,0.00,0.00,3.170000,3.17
2025-02,europe-west4,2.54,0.00,0.00,-0.05,2.490000,2.49
2025-02,asia-east1,1.80,0.00,0.00,0.00,1.800000,1.80
2025-02,us-central2,1.60,0.00,0.00,0.00,1.600000,1.60
2025-02,us-east1,0.75,0.00,0.00,0.00,0.750000,0.75
2025-02,us-west1,0.80,0.00,0.00,0.00,0.800000,0.80
2025-02,europe-west2,0.36,0.00,0.00,0.00,0.360000,0.36
2025-02,us-west2,0.00,0.00,0.00,0.00,0.000000,0.00
2025-02,us-east4,0.00,0.00,0.00,0.00,0.000000,0.00
2025-02,europe-north2,0.00,0.00,0.00,0.00,0.000000,0.00
2025-02,asia-southeast1,0.00,0.00,0.00,0.00,0.000000,0.00
2025-02,europe-southwest1,0.00,0.00,0.00,0.00,0.000000,0.00
2025-02,us-east7,0.00,0.00,0.00,0.00,0.000000,0.00
2025-02,asia-south1,0.00,0.00,0.00,0.00,0.000000,0.00
2025-02,europe-central2,0.00,0.00,0.00,0.00,0.000000,0.00
2025-02,asia-east2,0.00,0.00,0.00,0.00,0.000000,0.00
2025-02,northamerica-northeast1,0.00,0.00,0.00,0.00,0.000000,0.00
2025-02,us-east5,0.00,0.00,0.00,0.00,0.000000,0.00
2025-02,southamerica-east1,0.00,0.00,0.00,0.00,0.000000,0.00
2025-02,me-west1,0.00,0.00,0.00,0.00,0.000000,0.00
2025-02,asia-northeast1,0.00,0.00,0.00,0.00,0.000000,0.00
2025-02,me-central2,0.00,0.00,0.00,0.00,0.000000,0.00
2025-02,europe-west12,0.00,0.00,0.00,0.00,0.000000,0.00
2025-02,us-south1,0.00,0.00,0.00,0.00,0.000000,0.00
2025-02,europe-west6,0.00,0.00,0.00,0.00,0.000000,0.00
2025-02,europe-west8,0.00,0.00,0.00,0.00,0.000000,0.00
2025-02,asia-southeast2,0.00,0.00,0.00,0.00,0.000000,0.00
2025-02,australia-southeast1,0.00,0.00,0.00,0.00,0.000000,0.00
2025-02,northamerica-northeast2,0.00,0.00,0.00,0.00,0.000000,0.00
2025-02,asia-northeast3,0.00,0.00,0.00,0.00,0.000000,0.00
2025-02,us-east2,0.01,0.00,0.00,-0.01,0.000000,0.00
2025-01,europe-west1,50639.43,0.00,-18509.65,-1095.68,31034.100000,31034.10
2025-01,europe,9892.25,0.00,0.00,0.00,9892.250000,9892.25
2025-01,europe-west3,10062.81,0.00,-4136.71,-86.48,5839.620000,5839.62
2025-01,us-central1,1173.13,0.00,0.00,-1.49,1171.640000,1171.64
2025-01,eu,777.94,0.00,0.00,0.00,777.940000,777.94
2025-01,us,622.52,0.00,0.00,0.00,622.520000,622.52
2025-01,global,616.65,0.00,0.00,0.00,616.650000,616.65
2025-01,europe-north1,521.26,0.00,0.00,-1.32,519.940000,519.94
2025-01,europe-west9,41.66,0.00,0.00,0.00,41.660000,41.66
2025-01,,4.29,0.00,0.00,0.00,4.290000,4.29
2025-01,europe-west4,2.56,0.00,0.00,-0.10,2.460000,2.46
2025-01,asia-east1,1.51,0.00,0.00,0.00,1.510000,1.51
2025-01,us-central2,1.48,0.00,0.00,0.00,1.480000,1.48
2025-01,us-east1,0.66,0.00,0.00,0.00,0.660000,0.66
2025-01,us-west1,0.67,0.00,0.00,0.00,0.670000,0.67
2025-01,europe-west2,0.04,0.00,0.00,0.00,0.040000,0.04
2025-01,us-south1,0.02,0.00,0.00,0.00,0.020000,0.02
2025-01,us-east5,0.00,0.00,0.00,0.00,0.000000,0.00
2025-01,us-east4,0.00,0.00,0.00,0.00,0.000000,0.00
2025-01,northamerica-northeast1,0.00,0.00,0.00,0.00,0.000000,0.00
2025-01,us-west8,0.00,0.00,0.00,0.00,0.000000,0.00
2025-01,us-west4,0.00,0.00,0.00,0.00,0.000000,0.00
2025-01,europe-central2,0.00,0.00,0.00,0.00,0.000000,0.00
2025-01,europe-west6,0.00,0.00,0.00,0.00,0.000000,0.00
2025-01,us-east7,0.00,0.00,0.00,0.00,0.000000,0.00
2025-01,europe-west8,0.00,0.00,0.00,0.00,0.000000,0.00
2025-01,europe-north2,0.00,0.00,0.00,0.00,0.000000,0.00
2025-01,us-west2,0.00,0.00,0.00,0.00,0.000000,0.00
2025-01,northamerica-northeast2,0.00,0.00,0.00,0.00,0.000000,0.00
2025-01,asia-southeast1,0.00,0.00,0.00,0.00,0.000000,0.00
2025-01,asia-east2,0.00,0.00,0.00,0.00,0.000000,0.00
2025-01,europe-southwest1,0.00,0.00,0.00,0.00,0.000000,0.00
2025-01,asia-south1,0.00,0.00,0.00,0.00,0.000000,0.00
2025-01,asia-northeast1,0.00,0.00,0.00,0.00,0.000000,0.00
2025-01,asia-northeast3,0.00,0.00,0.00,0.00,0.000000,0.00
2025-01,europe-west12,0.00,0.00,0.00,0.00,0.000000,0.00
2025-01,southamerica-east1,0.00,0.00,0.00,0.00,0.000000,0.00
2025-01,asia-northeast2,0.00,0.00,0.00,0.00,0.000000,0.00
2025-01,asia-south2,0.00,0.00,0.00,0.00,0.000000,0.00
2025-01,europe-west10,0.00,0.00,0.00,0.00,0.000000,0.00
2025-01,australia-southeast1,0.00,0.00,0.00,0.00,0.000000,0.00
2025-01,australia-southeast2,0.00,0.00,0.00,0.00,0.000000,0.00
2025-01,me-central1,0.00,0.00,0.00,0.00,0.000000,0.00
2025-01,us-east2,0.11,0.00,0.00,-0.12,-0.010000,-0.01
2024-12,europe-west1,50103.64,-1.53,-18195.82,-1452.37,30453.920000,30453.92
2024-12,europe,8912.83,0.00,0.00,0.00,8912.830000,8912.83
2024-12,europe-west3,9678.56,0.00,-3740.84,-78.09,5859.630000,5859.63
2024-12,us-central1,1433.89,0.00,0.00,-1.41,1432.480000,1432.48
2024-12,eu,710.00,0.00,0.00,0.00,710.000000,710.00
2024-12,europe-north1,611.90,0.00,0.00,-1.73,610.170000,610.17
2024-12,global,507.77,0.00,0.00,0.00,507.770000,507.77
2024-12,us,406.49,0.00,0.00,0.00,406.490000,406.49
2024-12,europe-west9,43.00,0.00,0.00,0.00,43.000000,43.00
2024-12,europe-west4,3.38,0.00,0.00,-0.45,2.930000,2.93
2024-12,,2.00,0.00,0.00,0.00,2.000000,2.00
2024-12,asia-east1,1.64,0.00,0.00,0.00,1.640000,1.64
2024-12,us-central2,1.27,0.00,0.00,0.00,1.270000,1.27
2024-12,us-east1,0.65,0.00,0.00,0.00,0.650000,0.65
2024-12,us-west1,0.71,0.00,0.00,0.00,0.710000,0.71
2024-12,europe-west2,0.02,0.00,0.00,0.00,0.020000,0.02
2024-12,us-south1,0.02,0.00,0.00,0.00,0.020000,0.02
2024-12,us-east5,0.00,0.00,0.00,0.00,0.000000,0.00
2024-12,us-east4,0.00,0.00,0.00,0.00,0.000000,0.00
2024-12,northamerica-northeast1,0.00,0.00,0.00,0.00,0.000000,0.00
2024-12,europe-west8,0.00,0.00,0.00,0.00,0.000000,0.00
2024-12,europe-central2,0.00,0.00,0.00,0.00,0.000000,0.00
2024-12,europe-north2,0.00,0.00,0.00,0.00,0.000000,0.00
2024-12,us-west2,0.00,0.00,0.00,0.00,0.000000,0.00
2024-12,us-east7,0.00,0.00,0.00,0.00,0.000000,0.00
2024-12,asia-southeast1,0.00,0.00,0.00,0.00,0.000000,0.00
2024-12,asia-east2,0.00,0.00,0.00,0.00,0.000000,0.00
2024-12,europe-west12,0.00,0.00,0.00,0.00,0.000000,0.00
2024-12,asia-southeast2,0.00,0.00,0.00,0.00,0.000000,0.00
2024-12,us-west4,0.00,0.00,0.00,0.00,0.000000,0.00
2024-12,australia-southeast1,0.00,0.00,0.00,0.00,0.000000,0.00
2024-12,asia-northeast1,0.00,0.00,0.00,0.00,0.000000,0.00
2024-12,europe-west6,0.00,0.00,0.00,0.00,0.000000,0.00
2024-12,asia-south1,0.00,0.00,0.00,0.00,0.000000,0.00
2024-12,northamerica-northeast2,0.00,0.00,0.00,0.00,0.000000,0.00
2024-12,me-central1,0.00,0.00,0.00,0.00,0.000000,0.00
2024-12,southamerica-west1,0.00,0.00,0.00,0.00,0.000000,0.00
2024-12,asia-northeast3,0.00,0.00,0.00,0.00,0.000000,0.00
2024-12,us-east2,0.02,0.00,0.00,-0.02,0.000000,0.00
2024-11,europe-west1,56191.99,-6.35,-22435.96,-491.06,33258.620000,33258.62
2024-11,europe,9315.54,0.00,0.00,0.00,9315.540000,9315.54
2024-11,europe-west3,11314.87,0.00,-3981.13,-58.54,7275.200000,7275.20
2024-11,us-central1,1245.19,0.00,0.00,-1.43,1243.760000,1243.76
2024-11,eu,753.76,0.00,0.00,0.00,753.760000,753.76
2024-11,europe-north1,627.04,0.00,0.00,-2.06,624.980000,624.98
2024-11,global,515.91,0.00,0.00,0.00,515.910000,515.91
2024-11,us,428.17,0.00,0.00,0.00,428.170000,428.17
2024-11,europe-west9,41.35,0.00,0.00,0.00,41.350000,41.35
2024-11,,4.54,0.00,0.00,0.00,4.540000,4.54
2024-11,europe-west4,3.98,0.00,0.00,-1.38,2.600000,2.60
2024-11,asia-east1,1.37,0.00,0.00,0.00,1.370000,1.37
2024-11,us-central2,1.26,0.00,0.00,0.00,1.260000,1.26
2024-11,us-east1,0.61,0.00,0.00,0.00,0.610000,0.61
2024-11,us-west1,0.56,0.00,0.00,0.00,0.560000,0.56
2024-11,europe-west2,0.33,0.00,0.00,0.00,0.330000,0.33
2024-11,us-east5,0.01,0.00,0.00,0.00,0.010000,0.01
2024-11,us-south1,0.00,0.00,0.00,0.00,0.000000,0.00
2024-11,us-east4,0.00,0.00,0.00,0.00,0.000000,0.00
2024-11,northamerica-northeast1,0.00,0.00,0.00,0.00,0.000000,0.00
2024-11,us-west4,0.00,0.00,0.00,0.00,0.000000,0.00
2024-11,us-west8,0.00,0.00,0.00,0.00,0.000000,0.00
2024-11,us-east7,0.00,0.00,0.00,0.00,0.000000,0.00
2024-11,europe-west8,0.00,0.00,0.00,0.00,0.000000,0.00
2024-11,asia-southeast1,0.00,0.00,0.00,0.00,0.000000,0.00
2024-11,europe-central2,0.00,0.00,0.00,0.00,0.000000,0.00
2024-11,europe-north2,0.00,0.00,0.00,0.00,0.000000,0.00
2024-11,europe-west12,0.00,0.00,0.00,0.00,0.000000,0.00
2024-11,asia-east2,0.00,0.00,0.00,0.00,0.000000,0.00
2024-11,us-west2,0.00,0.00,0.00,0.00,0.000000,0.00
2024-11,europe-west6,0.00,0.00,0.00,0.00,0.000000,0.00
2024-11,asia-south1,0.00,0.00,0.00,0.00,0.000000,0.00
2024-11,asia-northeast1,0.00,0.00,0.00,0.00,0.000000,0.00
2024-11,europe-west10,0.00,0.00,0.00,0.00,0.000000,0.00
2024-11,northamerica-northeast2,0.00,0.00,0.00,0.00,0.000000,0.00
2024-11,asia-southeast2,0.00,0.00,0.00,0.00,0.000000,0.00
2024-11,me-central1,0.00,0.00,0.00,0.00,0.000000,0.00
2024-11,southamerica-east1,0.00,0.00,0.00,0.00,0.000000,0.00
2024-11,us-east2,0.01,0.00,0.00,-0.01,0.000000,0.00
2024-10,europe-west1,48608.06,-6.63,-21437.44,-359.27,26804.720000,26804.72
2024-10,europe,8248.52,0.00,0.00,0.00,8248.520000,8248.52
2024-10,europe-west3,10592.39,0.00,-4042.69,-69.98,6479.720000,6479.72
2024-10,us-central1,1242.97,0.00,0.00,-1.50,1241.470000,1241.47
2024-10,eu,775.93,0.00,0.00,0.00,775.930000,775.93
2024-10,europe-north1,709.73,0.00,0.00,-2.38,707.350000,707.35
2024-10,global,478.69,0.00,0.00,0.00,478.690000,478.69
2024-10,us,544.73,0.00,0.00,0.00,544.730000,544.73
2024-10,europe-west9,45.17,0.00,0.00,0.00,45.170000,45.17
2024-10,,4.72,0.00,0.00,0.00,4.720000,4.72
2024-10,europe-west4,2.90,0.00,0.00,-0.16,2.740000,2.74
2024-10,asia-east1,1.08,0.00,0.00,0.00,1.080000,1.08
2024-10,europe-west2,1.16,0.00,0.00,0.00,1.160000,1.16
2024-10,us-central2,0.99,0.00,0.00,0.00,0.990000,0.99
2024-10,us-east1,0.55,0.00,0.00,0.00,0.550000,0.55
2024-10,us-west1,0.49,0.00,0.00,0.00,0.490000,0.49
2024-10,us-east5,0.01,0.00,0.00,0.00,0.010000,0.01
2024-10,us-south1,0.01,0.00,0.00,0.00,0.010000,0.01
2024-10,northamerica-northeast1,0.00,0.00,0.00,0.00,0.000000,0.00
2024-10,us-east4,0.00,0.00,0.00,0.00,0.000000,0.00
2024-10,us-west4,0.00,0.00,0.00,0.00,0.000000,0.00
2024-10,us-west8,0.00,0.00,0.00,0.00,0.000000,0.00
2024-10,us-west2,0.00,0.00,0.00,0.00,0.000000,0.00
2024-10,europe-central2,0.00,0.00,0.00,0.00,0.000000,0.00
2024-10,europe-west8,0.00,0.00,0.00,0.00,0.000000,0.00
2024-10,asia-southeast1,0.00,0.00,0.00,0.00,0.000000,0.00
2024-10,asia-east2,0.00,0.00,0.00,0.00,0.000000,0.00
2024-10,europe-north2,0.00,0.00,0.00,0.00,0.000000,0.00
2024-10,asia-northeast1,0.00,0.00,0.00,0.00,0.000000,0.00
2024-10,asia-south1,0.00,0.00,0.00,0.00,0.000000,0.00
2024-10,europe-west12,0.00,0.00,0.00,0.00,0.000000,0.00
2024-10,asia-northeast3,0.00,0.00,0.00,0.00,0.000000,0.00
2024-10,europe-west6,0.00,0.00,0.00,0.00,0.000000,0.00
2024-10,australia-southeast1,0.00,0.00,0.00,0.00,0.000000,0.00
2024-10,us-east7,0.00,0.00,0.00,0.00,0.000000,0.00
2024-10,me-central1,0.00,0.00,0.00,0.00,0.000000,0.00
2024-10,us-east2,0.01,0.00,0.00,-0.01,0.000000,0.00
2024-09,europe-west1,44827.44,-5.71,-20315.50,-281.74,24224.490000,24224.49
2024-09,europe,7905.94,0.00,0.00,0.00,7905.940000,7905.94
2024-09,europe-west3,10024.57,0.00,-4116.60,-58.52,5849.450000,5849.45
2024-09,us-central1,1255.95,0.00,0.00,-0.75,1255.200000,1255.20
2024-09,europe-north1,1242.50,0.00,0.00,-5.64,1236.860000,1236.86
2024-09,eu,989.86,0.00,0.00,0.00,989.860000,989.86
2024-09,us,605.96,0.00,0.00,0.00,605.960000,605.96
2024-09,global,539.60,0.00,0.00,0.00,539.600000,539.60
2024-09,europe-west4,164.80,0.00,0.00,-0.23,164.570000,164.57
2024-09,europe-west9,41.80,0.00,0.00,0.00,41.800000,41.80
2024-09,,6.02,0.00,0.00,0.00,6.020000,6.02
2024-09,europe-west2,1.45,0.00,0.00,0.00,1.450000,1.45
2024-09,asia-east1,1.28,0.00,0.00,0.00,1.280000,1.28
2024-09,us-central2,0.95,0.00,0.00,0.00,0.950000,0.95
2024-09,us-east1,0.49,0.00,0.00,0.00,0.490000,0.49
2024-09,us-west1,0.54,0.00,0.00,-0.01,0.530000,0.53
2024-09,us-east5,0.01,0.00,0.00,0.00,0.010000,0.01
2024-09,us-south1,0.01,0.00,0.00,0.00,0.010000,0.01
2024-09,us-east4,0.00,0.00,0.00,0.00,0.000000,0.00
2024-09,northamerica-northeast1,0.00,0.00,0.00,0.00,0.000000,0.00
2024-09,us-west8,0.00,0.00,0.00,0.00,0.000000,0.00
2024-09,europe-central2,0.00,0.00,0.00,0.00,0.000000,0.00
2024-09,us-east7,0.00,0.00,0.00,0.00,0.000000,0.00
2024-09,us-west2,0.00,0.00,0.00,0.00,0.000000,0.00
2024-09,europe-west8,0.00,0.00,0.00,0.00,0.000000,0.00
2024-09,asia-southeast1,0.00,0.00,0.00,0.00,0.000000,0.00
2024-09,us-west4,0.00,0.00,0.00,0.00,0.000000,0.00
2024-09,southamerica-east1,0.00,0.00,0.00,0.00,0.000000,0.00
2024-09,europe-west12,0.00,0.00,0.00,0.00,0.000000,0.00
2024-09,asia-east2,0.00,0.00,0.00,0.00,0.000000,0.00
2024-09,asia-south1,0.00,0.00,0.00,0.00,0.000000,0.00
2024-09,asia-northeast1,0.00,0.00,0.00,0.00,0.000000,0.00
2024-09,europe-west6,0.00,0.00,0.00,0.00,0.000000,0.00
2024-09,australia-southeast1,0.00,0.00,0.00,0.00,0.000000,0.00
2024-09,europe-west10,0.00,0.00,0.00,0.00,0.000000,0.00
2024-09,asia-northeast3,0.00,0.00,0.00,0.00,0.000000,0.00
2024-09,europe-southwest1,0.00,0.00,0.00,0.00,0.000000,0.00
2024-09,us-east2,0.01,0.00,0.00,-0.01,0.000000,0.00
2024-08,europe-west1,51534.51,-5.98,-21181.05,-339.00,30008.480000,30008.48
2024-08,europe,23317.66,0.00,0.00,0.00,23317.660000,23317.66
2024-08,europe-west3,12597.74,0.00,-4272.67,-57.76,8267.310000,8267.31
2024-08,us-central1,1221.45,0.00,0.00,-0.70,1220.750000,1220.75
2024-08,eu,1083.64,0.00,0.00,0.00,1083.640000,1083.64
2024-08,europe-north1,870.56,0.00,0.00,-3.61,866.950000,866.95
2024-08,us,577.70,0.00,0.00,0.00,577.700000,577.70
2024-08,global,456.81,0.00,0.00,0.00,456.810000,456.81
2024-08,europe-west4,136.77,0.00,0.00,-0.25,136.520000,136.52
2024-08,europe-west9,39.39,0.00,0.00,0.00,39.390000,39.39
2024-08,,7.18,0.00,0.00,0.00,7.180000,7.18
2024-08,europe-west2,1.46,0.00,0.00,0.00,1.460000,1.46
2024-08,asia-east1,1.00,0.00,0.00,0.00,1.000000,1.00
2024-08,us-central2,0.90,0.00,0.00,0.00,0.900000,0.90
2024-08,us-east1,0.47,0.00,0.00,0.00,0.470000,0.47
2024-08,us-west1,0.49,0.00,0.00,0.00,0.490000,0.49
2024-08,us-east4,0.05,0.00,0.00,0.00,0.050000,0.05
2024-08,us-east5,0.02,0.00,0.00,0.00,0.020000,0.02
2024-08,us-south1,0.01,0.00,0.00,0.00,0.010000,0.01
2024-08,asia-southeast1,0.01,0.00,0.00,-0.01,0.000000,0.00
2024-08,northamerica-northeast1,0.00,0.00,0.00,0.00,0.000000,0.00
2024-08,us-west4,0.00,0.00,0.00,0.00,0.000000,0.00
2024-08,us-west8,0.00,0.00,0.00,0.00,0.000000,0.00
2024-08,southamerica-west1,0.00,0.00,0.00,0.00,0.000000,0.00
2024-08,europe-west8,0.00,0.00,0.00,0.00,0.000000,0.00
2024-08,europe-west12,0.00,0.00,0.00,0.00,0.000000,0.00
2024-08,europe-central2,0.00,0.00,0.00,0.00,0.000000,0.00
2024-08,europe-southwest1,0.00,0.00,0.00,0.00,0.000000,0.00
2024-08,us-east2,0.00,0.00,0.00,0.00,0.000000,0.00
2024-07,europe-west1,54637.21,-4.83,-20301.75,-317.58,34013.050000,34013.05
2024-07,europe-west3,11731.15,0.00,-4322.76,-54.24,7354.150000,7354.15
2024-07,europe,7370.95,0.00,0.00,0.00,7370.950000,7370.95
2024-07,us-central1,1269.67,0.00,0.00,-0.73,1268.940000,1268.94
2024-07,eu,1155.27,0.00,0.00,0.00,1155.270000,1155.27
2024-07,us,602.49,0.00,0.00,0.00,602.490000,602.49
2024-07,global,463.73,0.00,0.00,0.00,463.730000,463.73
2024-07,europe-north1,81.28,0.00,0.00,-0.03,81.250000,81.25
2024-07,europe-west4,56.85,0.00,0.00,-0.21,56.640000,56.64
2024-07,europe-west9,41.15,0.00,0.00,0.00,41.150000,41.15
2024-07,,7.40,0.00,0.00,0.00,7.400000,7.40
2024-07,europe-west2,3.07,0.00,0.00,0.00,3.070000,3.07
2024-07,asia-east1,0.98,0.00,0.00,0.00,0.980000,0.98
2024-07,us-central2,0.70,0.00,0.00,0.00,0.700000,0.70
2024-07,us-east1,0.40,0.00,0.00,0.00,0.400000,0.40
2024-07,us-west1,0.40,0.00,0.00,0.00,0.400000,0.40
2024-07,us-east4,0.02,0.00,0.00,0.00,0.020000,0.02
2024-07,us-east5,0.01,0.00,0.00,0.00,0.010000,0.01
2024-07,us-south1,0.00,0.00,0.00,0.00,0.000000,0.00
2024-07,northamerica-northeast1,0.00,0.00,0.00,0.00,0.000000,0.00
2024-07,us-west8,0.00,0.00,0.00,0.00,0.000000,0.00
2024-07,asia-southeast1,0.00,0.00,0.00,0.00,0.000000,0.00
2024-07,europe-west12,0.00,0.00,0.00,0.00,0.000000,0.00
2024-07,us-west4,0.00,0.00,0.00,0.00,0.000000,0.00
2024-07,europe-central2,0.00,0.00,0.00,0.00,0.000000,0.00
2024-07,europe-southwest1,0.00,0.00,0.00,0.00,0.000000,0.00
2024-07,us-west3,0.00,0.00,0.00,0.00,0.000000,0.00
2024-07,europe-west8,0.00,0.00,0.00,0.00,0.000000,0.00
2024-07,southamerica-west1,0.00,0.00,0.00,0.00,0.000000,0.00
2024-07,europe-west5,0.00,0.00,0.00,0.00,0.000000,0.00
2024-07,us-east2,0.00,0.00,0.00,0.00,0.000000,0.00
2024-06,europe-west1,45126.91,-6.43,-18153.38,-422.32,26544.780000,26544.78
2024-06,europe,6753.11,0.00,0.00,0.00,6753.110000,6753.11
2024-06,europe-west3,10413.63,0.00,-4170.50,-57.75,6185.380000,6185.38
2024-06,eu,1289.06,0.00,0.00,0.00,1289.060000,1289.06
2024-06,us-central1,1322.82,0.00,0.00,-0.85,1321.970000,1321.97
2024-06,us,534.53,0.00,0.00,0.00,534.530000,534.53
2024-06,global,458.56,0.00,0.00,0.00,458.560000,458.56
2024-06,europe-west4,109.99,0.00,0.00,-0.11,109.880000,109.88
2024-06,europe-north1,96.17,0.00,0.00,-0.34,95.830000,95.83
2024-06,europe-west9,46.67,0.00,0.00,0.00,46.670000,46.67
2024-06,,8.90,0.00,0.00,0.00,8.900000,8.90
2024-06,us-central2,0.67,0.00,0.00,0.00,0.670000,0.67
2024-06,asia-east1,0.70,0.00,0.00,0.00,0.700000,0.70
2024-06,us-east1,0.37,0.00,0.00,0.00,0.370000,0.37
2024-06,us-west1,0.33,0.00,0.00,0.00,0.330000,0.33
2024-06,europe-west2,0.03,0.00,0.00,0.00,0.030000,0.03
2024-06,us-east5,0.01,0.00,0.00,0.00,0.010000,0.01
2024-06,us-south1,0.01,0.00,0.00,0.00,0.010000,0.01
2024-06,northamerica-northeast1,0.00,0.00,0.00,0.00,0.000000,0.00
2024-06,us-east4,0.00,0.00,0.00,0.00,0.000000,0.00
2024-06,us-west4,0.00,0.00,0.00,0.00,0.000000,0.00
2024-06,europe-west12,0.00,0.00,0.00,0.00,0.000000,0.00
2024-06,asia-southeast1,0.01,0.00,0.00,-0.01,0.000000,0.00
2024-06,southamerica-west1,0.00,0.00,0.00,0.00,0.000000,0.00
2024-06,us-west8,0.00,0.00,0.00,0.00,0.000000,0.00
2024-06,europe-central2,0.00,0.00,0.00,0.00,0.000000,0.00
2024-06,europe-west8,0.00,0.00,0.00,0.00,0.000000,0.00
2024-06,europe-west5,0.00,0.00,0.00,0.00,0.000000,0.00
2024-06,us-east2,0.01,0.00,0.00,-0.01,0.000000,0.00
2024-05,europe-west1,51949.35,-12.05,-18523.04,-706.74,32707.520000,32707.52
2024-05,europe,9062.42,0.00,0.00,0.00,9062.420000,9062.42
2024-05,europe-west3,10895.72,0.00,-4281.63,-58.67,6555.420000,6555.42
2024-05,us-central1,1482.67,0.00,0.00,-1.63,1481.040000,1481.04
2024-05,eu,1004.07,0.00,0.00,0.00,1004.070000,1004.07
2024-05,global,461.91,0.00,0.00,0.00,461.910000,461.91
2024-05,us,457.16,0.00,0.00,0.00,457.160000,457.16
2024-05,europe-west4,203.34,0.00,0.00,-0.02,203.320000,203.32
2024-05,europe-west9,117.34,0.00,0.00,-0.33,117.010000,117.01
2024-05,,10.22,0.00,0.00,0.00,10.220000,10.22
2024-05,us-central2,0.54,0.00,0.00,0.00,0.540000,0.54
2024-05,asia-east1,0.52,0.00,0.00,0.00,0.520000,0.52
2024-05,us-east1,0.32,0.00,0.00,0.00,0.320000,0.32
2024-05,us-west1,0.28,0.00,0.00,0.00,0.280000,0.28
2024-05,europe-west2,0.03,0.00,0.00,0.00,0.030000,0.03
2024-05,us-east5,0.01,0.00,0.00,0.00,0.010000,0.01
2024-05,us-south1,0.00,0.00,0.00,0.00,0.000000,0.00
2024-05,us-east4,0.00,0.00,0.00,0.00,0.000000,0.00
2024-05,asia-southeast1,0.00,0.00,0.00,0.00,0.000000,0.00
2024-05,europe-west8,0.00,0.00,0.00,0.00,0.000000,0.00
2024-05,northamerica-northeast1,0.00,0.00,0.00,0.00,0.000000,0.00
2024-05,us-west4,0.00,0.00,0.00,0.00,0.000000,0.00
2024-05,europe-north1,0.06,0.00,0.00,-0.06,0.000000,0.00
2024-05,us-west8,0.00,0.00,0.00,0.00,0.000000,0.00
2024-05,europe-central2,0.00,0.00,0.00,0.00,0.000000,0.00
2024-05,europe-west12,0.00,0.00,0.00,0.00,0.000000,0.00
2024-05,us-east2,0.01,0.00,0.00,-0.01,0.000000,0.00
2024-04,europe-west1,56584.76,0.00,-18732.66,-1074.50,36777.600000,36777.60
2024-04,europe,12620.25,0.00,0.00,0.00,12620.250000,12620.25
2024-04,europe-west3,11811.48,0.00,-5445.46,-90.55,6275.470000,6275.47
2024-04,us,2874.27,0.00,0.00,0.00,2874.270000,2874.27
2024-04,eu,1442.83,0.00,0.00,0.00,1442.830000,1442.83
2024-04,us-central1,1327.26,0.00,0.00,-1.43,1325.830000,1325.83
2024-04,global,456.52,0.00,0.00,0.00,456.520000,456.52
2024-04,europe-west9,215.12,0.00,0.00,-0.76,214.360000,214.36
2024-04,europe-west4,161.23,0.00,0.00,-0.19,161.040000,161.04
2024-04,,16.40,0.00,0.00,0.00,16.400000,16.40
2024-04,us-central2,0.46,0.00,0.00,0.00,0.460000,0.46
2024-04,asia-east1,0.40,0.00,0.00,0.00,0.400000,0.40
2024-04,us-east1,0.27,0.00,0.00,0.00,0.270000,0.27
2024-04,us-west1,0.22,0.00,0.00,0.00,0.220000,0.22
2024-04,europe-west2,0.03,0.00,0.00,0.00,0.030000,0.03
2024-04,europe-north1,0.16,0.00,0.00,-0.14,0.020000,0.02
2024-04,us-east4,0.00,0.00,0.00,0.00,0.000000,0.00
2024-04,europe-southwest1,0.00,0.00,0.00,0.00,0.000000,0.00
2024-04,europe-central2,0.00,0.00,0.00,0.00,0.000000,0.00
2024-04,europe-west5,0.00,0.00,0.00,0.00,0.000000,0.00
2024-04,asia-southeast1,0.01,0.00,0.00,-0.01,0.000000,0.00
2024-04,us-east2,0.00,0.00,0.00,0.00,0.000000,0.00
2024-03,europe-west1,60210.97,0.00,-20400.13,-1373.34,38437.500000,38437.50
2024-03,europe,11490.84,0.00,0.00,0.00,11490.840000,11490.84
2024-03,europe-west3,15932.31,0.00,-5549.92,-197.54,10184.850000,10184.85
2024-03,us,4442.47,0.00,0.00,0.00,4442.470000,4442.47
2024-03,us-central1,1760.87,0.00,0.00,-1.60,1759.270000,1759.27
2024-03,eu,1127.14,0.00,0.00,0.00,1127.140000,1127.14
2024-03,global,451.33,0.00,0.00,0.00,451.330000,451.33
2024-03,europe-west9,207.80,0.00,0.00,-0.79,207.010000,207.01
2024-03,europe-west4,183.07,0.00,0.00,-0.07,183.000000,183.00
2024-03,,10.98,0.00,0.00,0.00,10.980000,10.98
2024-03,us-central2,0.28,0.00,0.00,0.00,0.280000,0.28
2024-03,asia-east1,0.26,0.00,0.00,0.00,0.260000,0.26
2024-03,us-east1,0.17,0.00,0.00,0.00,0.170000,0.17
2024-03,us-west1,0.14,0.00,0.00,0.00,0.140000,0.14
2024-03,europe-west2,0.03,0.00,0.00,0.00,0.030000,0.03
2024-03,europe-north1,0.15,0.00,0.00,-0.16,-0.010000,-0.01
2024-03,asia-southeast1,0.00,0.00,0.00,0.00,0.000000,0.00
2024-03,us-east4,0.00,0.00,0.00,0.00,0.000000,0.00
2024-03,europe-southwest1,0.00,0.00,0.00,0.00,0.000000,0.00
2024-03,europe-central2,0.00,0.00,0.00,0.00,0.000000,0.00
2024-03,europe-west5,0.00,0.00,0.00,0.00,0.000000,0.00
2024-03,us-east5,0.00,0.00,0.00,0.00,0.000000,0.00
2024-03,us-east2,0.07,0.00,0.00,-0.08,-0.010000,-0.01
2024-02,europe-west1,53911.50,0.00,-18807.87,-1647.69,33455.940000,33455.94
2024-02,europe,10970.93,0.00,0.00,0.00,10970.930000,10970.93
2024-02,europe-west3,15859.78,0.00,-5509.04,-398.40,9952.340000,9952.34
2024-02,us,3473.57,0.00,0.00,0.00,3473.570000,3473.57
2024-02,us-central1,1643.44,0.00,0.00,-0.58,1642.860000,1642.86
2024-02,eu,1282.05,0.00,0.00,0.00,1282.050000,1282.05
2024-02,global,428.77,0.00,0.00,0.00,428.770000,428.77
2024-02,europe-west9,196.95,0.00,0.00,-0.74,196.210000,196.21
2024-02,europe-west4,79.45,0.00,0.00,-0.21,79.240000,79.24
2024-02,,15.90,0.00,0.00,0.00,15.900000,15.90
2024-02,us-central2,0.23,0.00,0.00,0.00,0.230000,0.23
2024-02,asia-east1,0.44,0.00,0.00,-0.18,0.260000,0.26
2024-02,us-east4,0.19,0.00,0.00,0.00,0.190000,0.19
2024-02,us-east1,0.20,0.00,0.00,0.00,0.200000,0.20
2024-02,us-west1,0.19,0.00,0.00,0.00,0.190000,0.19
2024-02,europe-north1,0.09,0.00,0.00,-0.01,0.080000,0.08
2024-02,europe-west2,0.03,0.00,0.00,0.00,0.030000,0.03
2024-02,europe-southwest1,0.00,0.00,0.00,0.00,0.000000,0.00
2024-02,asia-southeast1,0.00,0.00,0.00,0.00,0.000000,0.00
2024-02,europe-west8,0.00,0.00,0.00,0.00,0.000000,0.00
2024-02,europe-west5,0.00,0.00,0.00,0.00,0.000000,0.00
2024-02,us-east2,0.02,0.00,0.00,-0.02,0.000000,0.00
,,,,Subtotal,1295951.32,1295951.32,
,,,,Adjustments,-3.03,-3.17,
,,,,Tax,278674.02,259322.08,
,,,,Invoice total,1574622.31,1555270.23,
