Month,Service description,Service ID,List cost ($),Negotiated savings ($),Savings programs ($),Other savings ($),Unrounded subtotal ($),Subtotal ($)
2026-02,Compute Engine,6F81-5844-456A,34704.41,0.00,-12535.87,-1627.26,20541.280000,20541.28
2026-02,Cloud SQL,9662-B51E-5089,7288.08,0.00,0.00,0.00,7288.080000,7288.08
2026-02,Cloud Storage,95FF-2EF5-5EA1,7758.77,0.00,0.00,0.00,7758.770000,7758.77
2026-02,Networking,E505-1604-58F8,2727.46,0.00,0.00,-195.68,2531.780000,2531.78
2026-02,BigQuery,24E6-581D-38E5,2149.64,0.00,0.00,0.00,2149.640000,2149.64
2026-02,Cloud Logging,5490-F7B7-8DF6,1681.18,0.00,0.00,0.00,1681.180000,1681.18
2026-02,Cloud Memorystore for Redis,5AF5-2C11-D467,1463.42,0.00,0.00,0.00,1463.420000,1463.42
2026-02,Cloud Monitoring,58CD-E7C3-72CA,411.31,0.00,0.00,0.00,411.310000,411.31
2026-02,Artifact Registry,149C-F9EC-3994,324.06,0.00,0.00,0.00,324.060000,324.06
2026-02,BigQuery Storage API,DCC9-8DB9-673F,223.59,0.00,0.00,0.00,223.590000,223.59
2026-02,Kubernetes Engine,CCD8-9BF1-090E,246.31,0.00,0.00,-27.12,219.190000,219.19
2026-02,VM Manager,5E18-9A83-2867,107.65,0.00,0.00,0.00,107.650000,107.65
2026-02,Cloud DNS,FA26-5236-B8B5,65.97,0.00,0.00,0.00,65.970000,65.97
2026-02,Secret Manager,EE82-7A5E-871C,39.10,0.00,0.00,0.00,39.100000,39.10
2026-02,Cloud Pub/Sub,A1E8-BE35-7EBC,21.33,0.00,0.00,0.00,21.330000,21.33
2026-02,Cloud Key Management Service (KMS),EE2F-D110-890C,13.54,0.00,0.00,0.00,13.540000,13.54
2026-02,Cloud Run Functions,29E7-DA93-CA13,15.51,0.00,0.00,-2.36,13.150000,13.15
2026-02,App Engine,F17B-412E-CB64,12.44,0.00,0.00,0.00,12.440000,12.44
2026-02,Container Registry Vulnerability Scanning,82AF-DE7A-51D0,7.39,0.00,0.00,0.00,7.390000,7.39
2026-02,Vertex AI,C7E2-9256-1C43,1.75,0.00,0.00,0.00,1.750000,1.75
2026-02,Cloud Scheduler,1F14-4801-0E16,0.24,0.00,0.00,0.00,0.240000,0.24
2026-01,Compute Engine,6F81-5844-456A,41663.20,0.00,-15705.60,-1700.35,24257.250000,24257.25
2026-01,Cloud SQL,9662-B51E-5089,7648.47,0.00,0.00,0.00,7648.470000,7648.47
2026-01,Cloud Storage,95FF-2EF5-5EA1,7028.86,0.00,0.00,0.00,7028.860000,7028.86
2026-01,Networking,E505-1604-58F8,3614.18,0.00,0.00,-235.99,3378.190000,3378.19
2026-01,BigQuery,24E6-581D-38E5,1976.29,0.00,0.00,0.00,1976.290000,1976.29
2026-01,Cloud Logging,5490-F7B7-8DF6,1753.74,0.00,0.00,0.00,1753.740000,1753.74
2026-01,Cloud Memorystore for Redis,5AF5-2C11-D467,1499.71,0.00,0.00,0.00,1499.710000,1499.71
2026-01,Cloud Monitoring,58CD-E7C3-72CA,394.06,0.00,0.00,0.00,394.060000,394.06
2026-01,Artifact Registry,149C-F9EC-3994,355.06,0.00,0.00,0.00,355.060000,355.06
2026-01,BigQuery Storage API,DCC9-8DB9-673F,270.31,0.00,0.00,0.00,270.310000,270.31
2026-01,Kubernetes Engine,CCD8-9BF1-090E,244.53,0.00,0.00,-25.74,218.790000,218.79
2026-01,VM Manager,5E18-9A83-2867,133.71,0.00,0.00,0.00,133.710000,133.71
2026-01,Cloud DNS,FA26-5236-B8B5,65.25,0.00,0.00,0.00,65.250000,65.25
2026-01,Secret Manager,EE82-7A5E-871C,36.05,0.00,0.00,0.00,36.050000,36.05
2026-01,Cloud Pub/Sub,A1E8-BE35-7EBC,24.03,0.00,0.00,0.00,24.030000,24.03
2026-01,Cloud Run Functions,29E7-DA93-CA13,16.16,0.00,0.00,-2.69,13.470000,13.47
2026-01,Cloud Key Management Service (KMS),EE2F-D110-890C,14.84,0.00,0.00,0.00,14.840000,14.84
2026-01,App Engine,F17B-412E-CB64,11.16,0.00,0.00,0.00,11.160000,11.16
2026-01,Container Registry Vulnerability Scanning,82AF-DE7A-51D0,7.56,0.00,0.00,0.00,7.560000,7.56
2026-01,Vertex AI,C7E2-9256-1C43,6.83,0.00,0.00,0.00,6.830000,6.83
2026-01,Cloud Scheduler,1F14-4801-0E16,0.32,0.00,0.00,0.00,0.320000,0.32
2025-12,Compute Engine,6F81-5844-456A,44236.11,0.00,-13824.38,-1222.21,29189.520000,29189.52
2025-12,Cloud SQL,9662-B51E-5089,7066.74,0.00,0.00,0.00,7066.740000,7066.74
2025-12,Cloud Storage,95FF-2EF5-5EA1,6816.88,0.00,0.00,0.00,6816.880000,6816.88
2025-12,Networking,E505-1604-58F8,3154.74,0.00,0.00,-251.01,2903.730000,2903.73
2025-12,BigQuery,24E6-581D-38E5,2236.00,0.00,0.00,0.00,2236.000000,2236.00
2025-12,Cloud Logging,5490-F7B7-8DF6,1670.79,0.00,0.00,0.00,1670.790000,1670.79
2025-12,Cloud Memorystore for Redis,5AF5-2C11-D467,1404.95,0.00,0.00,0.00,1404.950000,1404.95
2025-12,Cloud Monitoring,58CD-E7C3-72CA,345.93,0.00,0.00,0.00,345.930000,345.93
2025-12,Artifact Registry,149C-F9EC-3994,330.56,0.00,0.00,0.00,330.560000,330.56
2025-12,BigQuery Storage API,DCC9-8DB9-673F,233.69,0.00,0.00,0.00,233.690000,233.69
2025-12,Kubernetes Engine,CCD8-9BF1-090E,239.98,0.00,0.00,-22.81,217.170000,217.17
2025-12,VM Manager,5E18-9A83-2867,125.41,0.00,0.00,0.00,125.410000,125.41
2025-12,Cloud DNS,FA26-5236-B8B5,63.86,0.00,0.00,0.00,63.860000,63.86
2025-12,Secret Manager,EE82-7A5E-871C,38.71,0.00,0.00,0.00,38.710000,38.71
2025-12,Cloud Pub/Sub,A1E8-BE35-7EBC,27.24,0.00,0.00,0.00,27.240000,27.24
2025-12,Cloud Run Functions,29E7-DA93-CA13,15.68,0.00,0.00,-2.39,13.290000,13.29
2025-12,Cloud Key Management Service (KMS),EE2F-D110-890C,12.37,0.00,0.00,0.00,12.370000,12.37
2025-12,App Engine,F17B-412E-CB64,11.90,0.00,0.00,0.00,11.900000,11.90
2025-12,Container Registry Vulnerability Scanning,82AF-DE7A-51D0,6.35,0.00,0.00,0.00,6.350000,6.35
2025-12,Cloud Scheduler,1F14-4801-0E16,0.37,0.00,0.00,0.00,0.370000,0.37
2025-12,Vertex AI,C7E2-9256-1C43,0.06,0.00,0.00,0.00,0.060000,0.06
2025-11,Compute Engine,6F81-5844-456A,43252.49,0.00,-18500.02,-809.23,23943.240000,23943.24
2025-11,Cloud SQL,9662-B51E-5089,7219.36,0.00,0.00,0.00,7219.360000,7219.36
2025-11,Cloud Storage,95FF-2EF5-5EA1,7632.53,0.00,0.00,0.00,7632.530000,7632.53
2025-11,Networking,E505-1604-58F8,3211.74,0.00,0.00,-268.39,2943.350000,2943.35
2025-11,BigQuery,24E6-581D-38E5,2036.36,0.00,0.00,0.00,2036.360000,2036.36
2025-11,Cloud Memorystore for Redis,5AF5-2C11-D467,1615.78,0.00,0.00,0.00,1615.780000,1615.78
2025-11,Cloud Logging,5490-F7B7-8DF6,1458.99,0.00,0.00,0.00,1458.990000,1458.99
2025-11,Artifact Registry,149C-F9EC-3994,299.49,0.00,0.00,0.00,299.490000,299.49
2025-11,Cloud Monitoring,58CD-E7C3-72CA,293.82,0.00,0.00,0.00,293.820000,293.82
2025-11,Kubernetes Engine,CCD8-9BF1-090E,303.12,0.00,0.00,-27.47,275.650000,275.65
2025-11,BigQuery Storage API,DCC9-8DB9-673F,214.84,0.00,0.00,0.00,214.840000,214.84
2025-11,VM Manager,5E18-9A83-2867,131.41,0.00,0.00,0.00,131.410000,131.41
2025-11,Cloud DNS,FA26-5236-B8B5,52.94,0.00,0.00,0.00,52.940000,52.94
2025-11,Secret Manager,EE82-7A5E-871C,35.03,0.00,0.00,0.00,35.030000,35.03
2025-11,Cloud Pub/Sub,A1E8-BE35-7EBC,31.50,0.00,0.00,0.00,31.500000,31.50
2025-11,Vertex AI,C7E2-9256-1C43,21.17,0.00,0.00,0.00,21.170000,21.17
2025-11,Cloud Run Functions,29E7-DA93-CA13,16.46,0.00,0.00,-2.21,14.250000,14.25
2025-11,Cloud Key Management Service (KMS),EE2F-D110-890C,12.36,0.00,0.00,0.00,12.360000,12.36
2025-11,App Engine,F17B-412E-CB64,12.46,0.00,0.00,0.00,12.460000,12.46
2025-11,Container Registry Vulnerability Scanning,82AF-DE7A-51D0,7.07,0.00,0.00,0.00,7.070000,7.07
2025-11,Cloud Scheduler,1F14-4801-0E16,0.35,0.00,0.00,0.00,0.350000,0.35
2025-10,Compute Engine,6F81-5844-456A,50302.77,0.00,-20250.97,-833.37,29218.430000,29218.43
2025-10,Cloud SQL,9662-B51E-5089,8223.23,0.00,0.00,0.00,8223.230000,8223.23
2025-10,Cloud Storage,95FF-2EF5-5EA1,6967.86,0.00,0.00,0.00,6967.860000,6967.86
2025-10,Networking,E505-1604-58F8,3487.57,0.00,0.00,-253.91,3233.660000,3233.66
2025-10,BigQuery,24E6-581D-38E5,2214.12,0.00,0.00,0.00,2214.120000,2214.12
2025-10,Cloud Memorystore for Redis,5AF5-2C11-D467,1446.55,0.00,0.00,0.00,1446.550000,1446.55
2025-10,Cloud Logging,5490-F7B7-8DF6,460.32,0.00,0.00,0.00,460.320000,460.32
2025-10,Cloud Monitoring,58CD-E7C3-72CA,316.87,0.00,0.00,0.00,316.870000,316.87
2025-10,Artifact Registry,149C-F9EC-3994,303.71,0.00,0.00,0.00,303.710000,303.71
2025-10,Kubernetes Engine,CCD8-9BF1-090E,320.79,0.00,0.00,-23.44,297.350000,297.35
2025-10,BigQuery Storage API,DCC9-8DB9-673F,224.15,0.00,0.00,0.00,224.150000,224.15
2025-10,VM Manager,5E18-9A83-2867,139.31,0.00,0.00,0.00,139.310000,139.31
2025-10,Cloud DNS,FA26-5236-B8B5,54.94,0.00,0.00,0.00,54.940000,54.94
2025-10,Secret Manager,EE82-7A5E-871C,38.36,0.00,0.00,0.00,38.360000,38.36
2025-10,Cloud Pub/Sub,A1E8-BE35-7EBC,29.14,0.00,0.00,0.00,29.140000,29.14
2025-10,Cloud Run Functions,29E7-DA93-CA13,15.37,0.00,0.00,-1.99,13.380000,13.38
2025-10,Cloud Key Management Service (KMS),EE2F-D110-890C,11.38,0.00,0.00,0.00,11.380000,11.38
2025-10,App Engine,F17B-412E-CB64,11.08,0.00,0.00,0.00,11.080000,11.08
2025-10,Container Registry Vulnerability Scanning,82AF-DE7A-51D0,9.70,0.00,0.00,0.00,9.700000,9.70
2025-10,Vertex AI,C7E2-9256-1C43,6.14,0.00,0.00,0.00,6.140000,6.14
2025-10,Cloud Scheduler,1F14-4801-0E16,0.34,0.00,0.00,0.00,0.340000,0.34
2025-09,Compute Engine,6F81-5844-456A,45879.63,0.00,-20273.11,-922.08,24684.440000,24684.44
2025-09,Cloud Storage,95FF-2EF5-5EA1,11337.60,0.00,0.00,0.00,11337.600000,11337.60
2025-09,Cloud SQL,9662-B51E-5089,7289.15,0.00,0.00,0.00,7289.150000,7289.15
2025-09,Networking,E505-1604-58F8,3175.53,0.00,0.00,-275.41,2900.120000,2900.12
2025-09,BigQuery,24E6-581D-38E5,2196.09,0.00,0.00,0.00,2196.090000,2196.09
2025-09,Cloud Memorystore for Redis,5AF5-2C11-D467,1537.67,0.00,0.00,0.00,1537.670000,1537.67
2025-09,Cloud Monitoring,58CD-E7C3-72CA,618.40,0.00,0.00,0.00,618.400000,618.40
2025-09,Cloud Logging,5490-F7B7-8DF6,504.08,0.00,0.00,0.00,504.080000,504.08
2025-09,Artifact Registry,149C-F9EC-3994,355.93,0.00,0.00,0.00,355.930000,355.93
2025-09,Kubernetes Engine,CCD8-9BF1-090E,294.59,0.00,0.00,-24.00,270.590000,270.59
2025-09,BigQuery Storage API,DCC9-8DB9-673F,257.23,0.00,0.00,0.00,257.230000,257.23
2025-09,VM Manager,5E18-9A83-2867,147.42,0.00,0.00,0.00,147.420000,147.42
2025-09,Cloud DNS,FA26-5236-B8B5,54.59,0.00,0.00,0.00,54.590000,54.59
2025-09,Secret Manager,EE82-7A5E-871C,43.11,0.00,0.00,0.00,43.110000,43.11
2025-09,Cloud Pub/Sub,A1E8-BE35-7EBC,27.48,0.00,0.00,0.00,27.480000,27.48
2025-09,App Engine,F17B-412E-CB64,12.79,0.00,0.00,0.00,12.790000,12.79
2025-09,Cloud Key Management Service (KMS),EE2F-D110-890C,11.05,0.00,0.00,0.00,11.050000,11.05
2025-09,Cloud Run Functions,29E7-DA93-CA13,12.27,0.00,0.00,-1.96,10.310000,10.31
2025-09,Container Registry Vulnerability Scanning,82AF-DE7A-51D0,3.80,0.00,0.00,0.00,3.800000,3.80
2025-09,Cloud Scheduler,1F14-4801-0E16,0.35,0.00,0.00,0.00,0.350000,0.35
2025-09,Vertex AI,C7E2-9256-1C43,0.06,0.00,0.00,0.00,0.060000,0.06
2025-08,Compute Engine,6F81-5844-456A,44257.29,0.00,-20124.55,-1197.29,22935.450000,22935.45
2025-08,Cloud Storage,95FF-2EF5-5EA1,10746.30,0.00,0.00,0.00,10746.300000,10746.30
2025-08,Cloud SQL,9662-B51E-5089,7603.55,0.00,0.00,0.00,7603.550000,7603.55
2025-08,Networking,E505-1604-58F8,3191.67,0.00,0.00,-285.43,2906.240000,2906.24
2025-08,BigQuery,24E6-581D-38E5,1912.53,0.00,0.00,0.00,1912.530000,1912.53
2025-08,Cloud Memorystore for Redis,5AF5-2C11-D467,1606.03,0.00,0.00,0.00,1606.030000,1606.03
2025-08,Cloud Monitoring,58CD-E7C3-72CA,753.94,0.00,0.00,0.00,753.940000,753.94
2025-08,Cloud Logging,5490-F7B7-8DF6,417.42,0.00,0.00,0.00,417.420000,417.42
2025-08,Artifact Registry,149C-F9EC-3994,330.89,0.00,0.00,0.00,330.890000,330.89
2025-08,Kubernetes Engine,CCD8-9BF1-090E,287.82,0.00,0.00,-26.31,261.510000,261.51
2025-08,BigQuery Storage API,DCC9-8DB9-673F,218.57,0.00,0.00,0.00,218.570000,218.57
2025-08,VM Manager,5E18-9A83-2867,164.06,0.00,0.00,0.00,164.060000,164.06
2025-08,Cloud DNS,FA26-5236-B8B5,58.46,0.00,0.00,0.00,58.460000,58.46
2025-08,Secret Manager,EE82-7A5E-871C,35.37,0.00,0.00,0.00,35.370000,35.37
2025-08,Cloud Pub/Sub,A1E8-BE35-7EBC,38.07,0.00,0.00,0.00,38.070000,38.07
2025-08,App Engine,F17B-412E-CB64,10.88,0.00,0.00,0.00,10.880000,10.88
2025-08,Cloud Key Management Service (KMS),EE2F-D110-890C,12.12,0.00,0.00,0.00,12.120000,12.12
2025-08,Cloud Run Functions,29E7-DA93-CA13,11.51,0.00,0.00,-2.24,9.270000,9.27
2025-08,Container Registry Vulnerability Scanning,82AF-DE7A-51D0,2.91,0.00,0.00,0.00,2.910000,2.91
2025-08,Cloud Scheduler,1F14-4801-0E16,0.32,0.00,0.00,0.00,0.320000,0.32
2025-08,Vertex AI,C7E2-9256-1C43,0.08,0.00,0.00,0.00,0.080000,0.08
2025-07,Compute Engine,6F81-5844-456A,47176.39,0.00,-17750.14,-1107.59,28318.660000,28318.66
2025-07,Cloud SQL,9662-B51E-5089,6784.47,0.00,-3.31,0.00,6781.160000,6781.16
2025-07,Cloud Storage,95FF-2EF5-5EA1,7111.56,0.00,0.00,0.00,7111.560000,7111.56
2025-07,Networking,E505-1604-58F8,3892.31,0.00,0.00,-247.29,3645.020000,3645.02
2025-07,BigQuery,24E6-581D-38E5,2102.24,0.00,0.00,0.00,2102.240000,2102.24
2025-07,Cloud Memorystore for Redis,5AF5-2C11-D467,1380.47,0.00,0.00,0.00,1380.470000,1380.47
2025-07,Cloud Monitoring,58CD-E7C3-72CA,737.30,0.00,0.00,0.00,737.300000,737.30
2025-07,Cloud Logging,5490-F7B7-8DF6,525.63,0.00,0.00,0.00,525.630000,525.63
2025-07,Artifact Registry,149C-F9EC-3994,310.99,0.00,0.00,0.00,310.990000,310.99
2025-07,Kubernetes Engine,CCD8-9BF1-090E,313.93,0.00,0.00,-25.34,288.590000,288.59
2025-07,BigQuery Storage API,DCC9-8DB9-673F,246.99,0.00,0.00,0.00,246.990000,246.99
2025-07,VM Manager,5E18-9A83-2867,171.73,0.00,0.00,0.00,171.730000,171.73
2025-07,Cloud DNS,FA26-5236-B8B5,63.14,0.00,0.00,0.00,63.140000,63.14
2025-07,Secret Manager,EE82-7A5E-871C,35.70,0.00,0.00,0.00,35.700000,35.70
2025-07,Cloud Pub/Sub,A1E8-BE35-7EBC,30.57,0.00,0.00,0.00,30.570000,30.57
2025-07,Vertex AI,C7E2-9256-1C43,22.15,0.00,0.00,0.00,22.150000,22.15
2025-07,App Engine,F17B-412E-CB64,11.50,0.00,0.00,0.00,11.500000,11.50
2025-07,Cloud Key Management Service (KMS),EE2F-D110-890C,10.88,0.00,0.00,0.00,10.880000,10.88
2025-07,Container Registry Vulnerability Scanning,82AF-DE7A-51D0,6.46,0.00,0.00,0.00,6.460000,6.46
2025-07,Cloud Run Functions,29E7-DA93-CA13,5.88,0.00,0.00,-1.85,4.030000,4.03
2025-07,Cloud Scheduler,1F14-4801-0E16,0.28,0.00,0.00,0.00,0.280000,0.28
2025-06,Compute Engine,6F81-5844-456A,48937.53,0.00,-17530.67,-869.31,30537.550000,30537.55
2025-06,Cloud Storage,95FF-2EF5-5EA1,6288.47,0.00,0.00,0.00,6288.470000,6288.47
2025-06,Cloud SQL,9662-B51E-5089,7762.62,0.00,-1086.10,0.00,6676.520000,6676.52
2025-06,Networking,E505-1604-58F8,3430.30,0.00,0.00,-282.50,3147.800000,3147.80
2025-06,BigQuery,24E6-581D-38E5,2051.91,0.00,0.00,0.00,2051.910000,2051.91
2025-06,Cloud Memorystore for Redis,5AF5-2C11-D467,1322.57,0.00,0.00,0.00,1322.570000,1322.57
2025-06,Cloud Monitoring,58CD-E7C3-72CA,675.93,0.00,0.00,0.00,675.930000,675.93
2025-06,Cloud Logging,5490-F7B7-8DF6,503.88,0.00,0.00,0.00,503.880000,503.88
2025-06,Artifact Registry,149C-F9EC-3994,326.83,0.00,0.00,0.00,326.830000,326.83
2025-06,Kubernetes Engine,CCD8-9BF1-090E,315.87,0.00,0.00,-27.27,288.600000,288.60
2025-06,BigQuery Storage API,DCC9-8DB9-673F,203.71,0.00,0.00,0.00,203.710000,203.71
2025-06,VM Manager,5E18-9A83-2867,149.18,0.00,0.00,0.00,149.180000,149.18
2025-06,Cloud DNS,FA26-5236-B8B5,64.91,0.00,0.00,0.00,64.910000,64.91
2025-06,Secret Manager,EE82-7A5E-871C,38.42,0.00,0.00,0.00,38.420000,38.42
2025-06,Cloud Pub/Sub,A1E8-BE35-7EBC,23.43,0.00,0.00,0.00,23.430000,23.43
2025-06,App Engine,F17B-412E-CB64,12.62,0.00,0.00,0.00,12.620000,12.62
2025-06,Cloud Key Management Service (KMS),EE2F-D110-890C,10.29,0.00,0.00,0.00,10.290000,10.29
2025-06,Container Registry Vulnerability Scanning,82AF-DE7A-51D0,8.72,0.00,0.00,0.00,8.720000,8.72
2025-06,Cloud Run Functions,29E7-DA93-CA13,2.77,0.00,0.00,-1.60,1.170000,1.17
2025-06,Cloud Scheduler,1F14-4801-0E16,0.26,0.00,0.00,0.00,0.260000,0.26
2025-06,Vertex AI,C7E2-9256-1C43,0.09,0.00,0.00,0.00,0.090000,0.09
2025-05,Compute Engine,6F81-5844-456A,50033.12,0.00,-17897.53,-1062.77,31072.820000,31072.82
2025-05,Cloud Storage,95FF-2EF5-5EA1,7198.90,0.00,0.00,0.00,7198.900000,7198.90
2025-05,Cloud SQL,9662-B51E-5089,7495.94,0.00,-1340.09,-8.48,6147.370000,6147.37
2025-05,Networking,E505-1604-58F8,3777.07,0.00,0.00,-271.09,3505.980000,3505.98
2025-05,BigQuery,24E6-581D-38E5,2044.88,0.00,0.00,0.00,2044.880000,2044.88
2025-05,Cloud Memorystore for Redis,5AF5-2C11-D467,1572.94,0.00,0.00,0.00,1572.940000,1572.94
2025-05,Cloud Monitoring,58CD-E7C3-72CA,666.81,0.00,0.00,0.00,666.810000,666.81
2025-05,Cloud Logging,5490-F7B7-8DF6,615.67,0.00,0.00,0.00,615.670000,615.67
2025-05,Artifact Registry,149C-F9EC-3994,355.18,0.00,0.00,0.00,355.180000,355.18
2025-05,Kubernetes Engine,CCD8-9BF1-090E,287.95,0.00,0.00,-25.50,262.450000,262.45
2025-05,BigQuery Storage API,DCC9-8DB9-673F,242.97,0.00,0.00,0.00,242.970000,242.97
2025-05,VM Manager,5E18-9A83-2867,155.75,0.00,0.00,0.00,155.750000,155.75
2025-05,Cloud DNS,FA26-5236-B8B5,61.73,0.00,0.00,0.00,61.730000,61.73
2025-05,Secret Manager,EE82-7A5E-871C,36.15,0.00,0.00,0.00,36.150000,36.15
2025-05,Cloud Pub/Sub,A1E8-BE35-7EBC,25.10,0.00,0.00,0.00,25.100000,25.10
2025-05,App Engine,F17B-412E-CB64,12.30,0.00,0.00,0.00,12.300000,12.30
2025-05,Cloud Key Management Service (KMS),EE2F-D110-890C,10.20,0.00,0.00,0.00,10.200000,10.20
2025-05,Container Registry Vulnerability Scanning,82AF-DE7A-51D0,6.01,0.00,0.00,0.00,6.010000,6.01
2025-05,Vertex AI,C7E2-9256-1C43,3.65,0.00,0.00,0.00,3.650000,3.65
2025-05,Cloud Run Functions,29E7-DA93-CA13,2.82,0.00,0.00,-1.64,1.180000,1.18
2025-05,Cloud Scheduler,1F14-4801-0E16,0.27,0.00,0.00,0.00,0.270000,0.27
2025-04,Compute Engine,6F81-5844-456A,47033.63,0.00,-18702.25,-1032.14,27299.240000,27299.24
2025-04,Cloud Storage,95FF-2EF5-5EA1,7303.81,0.00,0.00,0.00,7303.810000,7303.81
2025-04,Networking,E505-1604-58F8,3738.52,0.00,0.00,-277.25,3461.270000,3461.27
2025-04,Cloud SQL,9662-B51E-5089,6992.35,0.00,-1209.83,-2851.24,2931.280000,2931.28
2025-04,BigQuery,24E6-581D-38E5,2301.93,0.00,0.00,0.00,2301.930000,2301.93
2025-04,Cloud Memorystore for Redis,5AF5-2C11-D467,1501.43,0.00,0.00,0.00,1501.430000,1501.43
2025-04,Cloud Monitoring,58CD-E7C3-72CA,622.18,0.00,0.00,0.00,622.180000,622.18
2025-04,Artifact Registry,149C-F9EC-3994,312.39,0.00,0.00,0.00,312.390000,312.39
2025-04,Cloud Logging,5490-F7B7-8DF6,307.52,0.00,0.00,0.00,307.520000,307.52
2025-04,Kubernetes Engine,CCD8-9BF1-090E,291.38,0.00,0.00,-23.51,267.870000,267.87
2025-04,BigQuery Storage API,DCC9-8DB9-673F,193.99,0.00,0.00,0.00,193.990000,193.99
2025-04,VM Manager,5E18-9A83-2867,154.05,0.00,0.00,0.00,154.050000,154.05
2025-04,Cloud DNS,FA26-5236-B8B5,63.72,0.00,0.00,0.00,63.720000,63.72
2025-04,Secret Manager,EE82-7A5E-871C,31.58,0.00,0.00,0.00,31.580000,31.58
2025-04,Cloud Pub/Sub,A1E8-BE35-7EBC,26.80,0.00,0.00,0.00,26.800000,26.80
2025-04,App Engine,F17B-412E-CB64,13.05,0.00,0.00,0.00,13.050000,13.05
2025-04,Cloud Key Management Service (KMS),EE2F-D110-890C,8.17,0.00,0.00,0.00,8.170000,8.17
2025-04,Vertex AI,C7E2-9256-1C43,6.78,0.00,0.00,0.00,6.780000,6.78
2025-04,Container Registry Vulnerability Scanning,82AF-DE7A-51D0,5.67,0.00,0.00,0.00,5.670000,5.67
2025-04,Cloud Run Functions,29E7-DA93-CA13,2.71,0.00,0.00,-1.39,1.320000,1.32
2025-04,Cloud Scheduler,1F14-4801-0E16,0.24,0.00,0.00,0.00,0.240000,0.24
2025-03,Compute Engine,6F81-5844-456A,49025.64,0.00,-19473.94,-1110.20,28441.500000,28441.50
2025-03,Cloud Storage,95FF-2EF5-5EA1,6865.04,0.00,0.00,0.00,6865.040000,6865.04
2025-03,Networking,E505-1604-58F8,3877.92,0.00,0.00,-272.82,3605.100000,3605.10
2025-03,Cloud SQL,9662-B51E-5089,8108.44,0.00,-1322.42,-3207.87,3578.150000,3578.15
2025-03,BigQuery,24E6-581D-38E5,2313.82,0.00,0.00,0.00,2313.820000,2313.82
2025-03,Cloud Memorystore for Redis,5AF5-2C11-D467,1450.35,0.00,0.00,0.00,1450.350000,1450.35
2025-03,Cloud Monitoring,58CD-E7C3-72CA,676.39,0.00,0.00,0.00,676.390000,676.39
2025-03,Artifact Registry,149C-F9EC-3994,320.02,0.00,0.00,0.00,320.020000,320.02
2025-03,Cloud Logging,5490-F7B7-8DF6,340.60,0.00,0.00,0.00,340.600000,340.60
2025-03,Kubernetes Engine,CCD8-9BF1-090E,271.41,0.00,0.00,-22.72,248.690000,248.69
2025-03,BigQuery Storage API,DCC9-8DB9-673F,206.92,0.00,0.00,0.00,206.920000,206.92
2025-03,VM Manager,5E18-9A83-2867,152.99,0.00,0.00,0.00,152.990000,152.99
2025-03,Cloud DNS,FA26-5236-B8B5,59.54,0.00,0.00,0.00,59.540000,59.54
2025-03,Secret Manager,EE82-7A5E-871C,38.51,0.00,0.00,0.00,38.510000,38.51
2025-03,Cloud Pub/Sub,A1E8-BE35-7EBC,28.41,0.00,0.00,0.00,28.410000,28.41
2025-03,App Engine,F17B-412E-CB64,12.30,0.00,0.00,0.00,12.300000,12.30
2025-03,Cloud Key Management Service (KMS),EE2F-D110-890C,7.62,0.00,0.00,0.00,7.620000,7.62
2025-03,Container Registry Vulnerability Scanning,82AF-DE7A-51D0,3.98,0.00,0.00,0.00,3.980000,3.98
2025-03,Cloud Run Functions,29E7-DA93-CA13,2.81,0.00,0.00,-1.36,1.450000,1.45
2025-03,Cloud Scheduler,1F14-4801-0E16,0.25,0.00,0.00,0.00,0.250000,0.25
2025-03,Vertex AI,C7E2-9256-1C43,0.06,0.00,0.00,0.00,0.060000,0.06
2025-02,Compute Engine,6F81-5844-456A,39470.56,0.00,-17281.35,-712.38,21476.830000,21476.83
2025-02,Cloud Storage,95FF-2EF5-5EA1,6261.22,0.00,0.00,0.00,6261.220000,6261.22
2025-02,Networking,E505-1604-58F8,3390.54,0.00,0.00,-263.03,3127.510000,3127.51
2025-02,Cloud SQL,9662-B51E-5089,8073.45,0.00,-1840.24,-2595.91,3637.300000,3637.30
2025-02,BigQuery,24E6-581D-38E5,1810.41,0.00,0.00,0.00,1810.410000,1810.41
2025-02,Cloud Memorystore for Redis,5AF5-2C11-D467,1421.28,0.00,0.00,0.00,1421.280000,1421.28
2025-02,Cloud Monitoring,58CD-E7C3-72CA,642.10,0.00,0.00,0.00,642.100000,642.10
2025-02,Artifact Registry,149C-F9EC-3994,292.42,0.00,0.00,0.00,292.420000,292.42
2025-02,Cloud Logging,5490-F7B7-8DF6,261.20,0.00,0.00,0.00,261.200000,261.20
2025-02,Kubernetes Engine,CCD8-9BF1-090E,247.39,0.00,0.00,-26.18,221.210000,221.21
2025-02,BigQuery Storage API,DCC9-8DB9-673F,201.13,0.00,0.00,0.00,201.130000,201.13
2025-02,VM Manager,5E18-9A83-2867,138.81,0.00,0.00,0.00,138.810000,138.81
2025-02,Cloud DNS,FA26-5236-B8B5,57.09,0.00,0.00,0.00,57.090000,57.09
2025-02,Secret Manager,EE82-7A5E-871C,31.75,0.00,0.00,0.00,31.750000,31.75
2025-02,Cloud Pub/Sub,A1E8-BE35-7EBC,22.79,0.00,0.00,0.00,22.790000,22.79
2025-02,App Engine,F17B-412E-CB64,10.88,0.00,0.00,0.00,10.880000,10.88
2025-02,Cloud Key Management Service (KMS),EE2F-D110-890C,8.38,0.00,0.00,0.00,8.380000,8.38
2025-02,Container Registry Vulnerability Scanning,82AF-DE7A-51D0,3.28,0.00,0.00,0.00,3.280000,3.28
2025-02,Cloud Run Functions,29E7-DA93-CA13,2.32,0.00,0.00,-1.48,0.840000,0.84
2025-02,Cloud Scheduler,1F14-4801-0E16,0.24,0.00,0.00,0.00,0.240000,0.24
2025-02,Vertex AI,C7E2-9256-1C43,0.08,0.00,0.00,0.00,0.080000,0.08
2025-02,Geocoding API,0AC2-4B25-C429,0.03,0.00,0.00,-0.03,0.000000,0.00
2025-02,Maps API,1934-AA85-20F9,5.97,0.00,0.00,-5.29,0.680000,0.68
2025-02,Street View Static API,9208-3D32-4342,0.04,0.00,0.00,-0.04,0.000000,0.00
2025-02,Maps Static API,CF79-2786-ADFC,0.14,0.00,0.00,-0.12,0.020000,0.02
2025-01,Compute Engine,6F81-5844-456A,48428.62,0.00,-20997.50,-843.16,26587.960000,26587.96
2025-01,Cloud Storage,95FF-2EF5-5EA1,5923.81,0.00,0.00,0.00,5923.810000,5923.81
2025-01,Networking,E505-1604-58F8,3961.67,0.00,0.00,-287.37,3674.300000,3674.30
2025-01,Cloud SQL,9662-B51E-5089,5522.58,0.00,-2737.77,0.00,2784.810000,2784.81
2025-01,BigQuery,24E6-581D-38E5,1878.20,0.00,0.00,0.00,1878.200000,1878.20
2025-01,Cloud Memorystore for Redis,5AF5-2C11-D467,1318.95,0.00,0.00,0.00,1318.950000,1318.95
2025-01,Cloud Monitoring,58CD-E7C3-72CA,600.50,0.00,0.00,0.00,600.500000,600.50
2025-01,Cloud Logging,5490-F7B7-8DF6,632.38,0.00,0.00,0.00,632.380000,632.38
2025-01,Kubernetes Engine,CCD8-9BF1-090E,317.51,0.00,0.00,-23.03,294.480000,294.48
2025-01,BigQuery Storage API,DCC9-8DB9-673F,202.85,0.00,0.00,0.00,202.850000,202.85
2025-01,VM Manager,5E18-9A83-2867,165.21,0.00,0.00,0.00,165.210000,165.21
2025-01,Artifact Registry,149C-F9EC-3994,103.24,0.00,0.00,0.00,103.240000,103.24
2025-01,Cloud DNS,FA26-5236-B8B5,66.03,0.00,0.00,0.00,66.030000,66.03
2025-01,Secret Manager,EE82-7A5E-871C,33.77,0.00,0.00,0.00,33.770000,33.77
2025-01,Cloud Pub/Sub,A1E8-BE35-7EBC,23.92,0.00,0.00,0.00,23.920000,23.92
2025-01,App Engine,F17B-412E-CB64,11.29,0.00,0.00,0.00,11.290000,11.29
2025-01,Cloud Key Management Service (KMS),EE2F-D110-890C,7.63,0.00,0.00,0.00,7.630000,7.63
2025-01,Container Registry Vulnerability Scanning,82AF-DE7A-51D0,3.79,0.00,0.00,0.00,3.790000,3.79
2025-01,Cloud Run Functions,29E7-DA93-CA13,2.60,0.00,0.00,-1.41,1.190000,1.19
2025-01,Cloud Scheduler,1F14-4801-0E16,0.29,0.00,0.00,0.00,0.290000,0.29
2025-01,Vertex AI,C7E2-9256-1C43,0.06,0.00,0.00,0.00,0.060000,0.06
2025-01,Maps API,1934-AA85-20F9,6.80,0.00,0.00,-6.43,0.370000,0.37
2025-01,Street View Static API,9208-3D32-4342,0.04,0.00,0.00,-0.04,0.000000,0.00
2025-01,Maps Static API,CF79-2786-ADFC,0.11,0.00,0.00,-0.11,0.000000,0.00
2025-01,Dataplex,51C6-B3F5-9B38,0.00,0.00,0.00,0.00,0.000000,0.00
2024-12,Compute Engine,6F81-5844-456A,50442.69,-1.49,-19436.86,-1081.20,29923.140000,29923.14
2024-12,Cloud Storage,95FF-2EF5-5EA1,6360.08,0.00,0.00,0.00,6360.080000,6360.08
2024-12,Networking,E505-1604-58F8,4215.53,0.00,0.00,-287.44,3928.090000,3928.09
2024-12,Cloud SQL,9662-B51E-5089,6203.84,0.00,-2832.53,0.00,3371.310000,3371.31
2024-12,BigQuery,24E6-581D-38E5,2257.68,0.00,0.00,0.00,2257.680000,2257.68
2024-12,Cloud Memorystore for Redis,5AF5-2C11-D467,1130.39,0.00,0.00,0.00,1130.390000,1130.39
2024-12,Cloud Monitoring,58CD-E7C3-72CA,717.14,0.00,0.00,0.00,717.140000,717.14
2024-12,Cloud Logging,5490-F7B7-8DF6,378.85,0.00,0.00,0.00,378.850000,378.85
2024-12,Kubernetes Engine,CCD8-9BF1-090E,280.50,0.00,0.00,-27.47,253.030000,253.03
2024-12,BigQuery Storage API,DCC9-8DB9-673F,207.11,0.00,0.00,0.00,207.110000,207.11
2024-12,VM Manager,5E18-9A83-2867,170.65,0.00,0.00,0.00,170.650000,170.65
2024-12,Cloud DNS,FA26-5236-B8B5,59.75,0.00,0.00,0.00,59.750000,59.75
2024-12,Secret Manager,EE82-7A5E-871C,31.17,0.00,0.00,0.00,31.170000,31.17
2024-12,Cloud Pub/Sub,A1E8-BE35-7EBC,23.66,0.00,0.00,0.00,23.660000,23.66
2024-12,App Engine,F17B-412E-CB64,10.82,0.00,0.00,0.00,10.820000,10.82
2024-12,Cloud Key Management Service (KMS),EE2F-D110-890C,7.03,0.00,0.00,0.00,7.030000,7.03
2024-12,Container Registry Vulnerability Scanning,82AF-DE7A-51D0,2.00,0.00,0.00,0.00,2.000000,2.00
2024-12,Cloud Run Functions,29E7-DA93-CA13,2.34,0.00,0.00,-1.32,1.020000,1.02
2024-12,Artifact Registry,149C-F9EC-3994,0.48,0.00,0.00,0.00,0.480000,0.48
2024-12,Cloud Scheduler,1F14-4801-0E16,0.26,0.00,0.00,0.00,0.260000,0.26
2024-12,Vertex AI,C7E2-9256-1C43,0.02,0.00,0.00,0.00,0.020000,0.02
2024-12,Maps API,1934-AA85-20F9,4.62,0.00,0.00,-4.83,-0.210000,-0.21
2024-12,Street View Static API,9208-3D32-4342,0.06,0.00,0.00,-0.07,-0.010000,-0.01
2024-12,Maps Static API,CF79-2786-ADFC,0.13,0.00,0.00,-0.12,0.010000,0.01
2024-11,Compute Engine,6F81-5844-456A,59574.71,-5.99,-24092.27,-236.68,35239.770000,35239.77
2024-11,Cloud Storage,95FF-2EF5-5EA1,6352.84,0.00,0.00,0.00,6352.840000,6352.84
2024-11,Networking,E505-1604-58F8,3779.41,0.00,0.00,-290.08,3489.330000,3489.33
2024-11,Cloud SQL,9662-B51E-5089,6067.27,0.00,-2534.50,0.00,3532.770000,3532.77
2024-11,BigQuery,24E6-581D-38E5,2667.93,0.00,0.00,0.00,2667.930000,2667.93
2024-11,Cloud Memorystore for Redis,5AF5-2C11-D467,1067.39,0.00,0.00,0.00,1067.390000,1067.39
2024-11,Cloud Monitoring,58CD-E7C3-72CA,649.05,0.00,0.00,0.00,649.050000,649.05
2024-11,Cloud Logging,5490-F7B7-8DF6,451.03,0.00,0.00,0.00,451.030000,451.03
2024-11,Kubernetes Engine,CCD8-9BF1-090E,281.33,0.00,0.00,-24.69,256.640000,256.64
2024-11,BigQuery Storage API,DCC9-8DB9-673F,199.44,0.00,0.00,0.00,199.440000,199.44
2024-11,VM Manager,5E18-9A83-2867,157.57,0.00,0.00,0.00,157.570000,157.57
2024-11,Cloud DNS,FA26-5236-B8B5,68.71,0.00,0.00,0.00,68.710000,68.71
2024-11,Secret Manager,EE82-7A5E-871C,32.29,0.00,0.00,0.00,32.290000,32.29
2024-11,Cloud Pub/Sub,A1E8-BE35-7EBC,25.18,0.00,0.00,0.00,25.180000,25.18
2024-11,App Engine,F17B-412E-CB64,10.32,0.00,0.00,0.00,10.320000,10.32
2024-11,Cloud Key Management Service (KMS),EE2F-D110-890C,6.76,0.00,0.00,0.00,6.760000,6.76
2024-11,Container Registry Vulnerability Scanning,82AF-DE7A-51D0,3.99,0.00,0.00,0.00,3.990000,3.99
2024-11,Cloud Run Functions,29E7-DA93-CA13,2.68,0.00,0.00,-1.31,1.370000,1.37
2024-11,Artifact Registry,149C-F9EC-3994,0.48,0.00,0.00,0.00,0.480000,0.48
2024-11,Cloud Scheduler,1F14-4801-0E16,0.26,0.00,0.00,0.00,0.260000,0.26
2024-11,Vertex AI,C7E2-9256-1C43,0.03,0.00,0.00,0.00,0.030000,0.03
2024-11,Maps API,1934-AA85-20F9,9.48,0.00,0.00,-9.68,-0.200000,-0.20
2024-11,Street View Static API,9208-3D32-4342,0.05,0.00,0.00,-0.05,0.000000,0.00
2024-11,Maps Static API,CF79-2786-ADFC,0.11,0.00,0.00,-0.11,0.000000,0.00
2024-10,Compute Engine,6F81-5844-456A,53146.61,-6.58,-23836.29,-110.63,29193.110000,29193.11
2024-10,Cloud Storage,95FF-2EF5-5EA1,6193.66,0.00,0.00,0.00,6193.660000,6193.66
2024-10,Networking,E505-1604-58F8,3960.93,0.00,0.00,-309.39,3651.540000,3651.54
2024-10,Cloud SQL,9662-B51E-5089,6414.01,0.00,-2927.00,0.00,3487.010000,3487.01
2024-10,BigQuery,24E6-581D-38E5,1969.14,0.00,0.00,0.00,1969.140000,1969.14
2024-10,Cloud Memorystore for Redis,5AF5-2C11-D467,1232.68,0.00,0.00,0.00,1232.680000,1232.68
2024-10,Cloud Monitoring,58CD-E7C3-72CA,653.07,0.00,0.00,0.00,653.070000,653.07
2024-10,Cloud Logging,5490-F7B7-8DF6,465.91,0.00,0.00,0.00,465.910000,465.91
2024-10,Kubernetes Engine,CCD8-9BF1-090E,268.75,0.00,0.00,-23.93,244.820000,244.82
2024-10,BigQuery Storage API,DCC9-8DB9-673F,178.15,0.00,0.00,0.00,178.150000,178.15
2024-10,VM Manager,5E18-9A83-2867,173.51,0.00,0.00,0.00,173.510000,173.51
2024-10,Cloud DNS,FA26-5236-B8B5,65.13,0.00,0.00,0.00,65.130000,65.13
2024-10,Secret Manager,EE82-7A5E-871C,29.43,0.00,0.00,0.00,29.430000,29.43
2024-10,Cloud Pub/Sub,A1E8-BE35-7EBC,27.20,0.00,0.00,0.00,27.200000,27.20
2024-10,App Engine,F17B-412E-CB64,11.29,0.00,0.00,0.00,11.290000,11.29
2024-10,Cloud Key Management Service (KMS),EE2F-D110-890C,5.28,0.00,0.00,0.00,5.280000,5.28
2024-10,Container Registry Vulnerability Scanning,82AF-DE7A-51D0,4.18,0.00,0.00,0.00,4.180000,4.18
2024-10,Vertex AI,C7E2-9256-1C43,3.41,0.00,0.00,0.00,3.410000,3.41
2024-10,Cloud Run Functions,29E7-DA93-CA13,2.74,0.00,0.00,-1.37,1.370000,1.37
2024-10,Artifact Registry,149C-F9EC-3994,0.52,0.00,0.00,0.00,0.520000,0.52
2024-10,Cloud Scheduler,1F14-4801-0E16,0.27,0.00,0.00,0.00,0.270000,0.27
2024-10,Geocoding API,0AC2-4B25-C429,0.00,0.00,0.00,0.00,0.000000,0.00
2024-10,Maps API,1934-AA85-20F9,6.06,0.00,0.00,-6.94,-0.880000,-0.88
2024-10,Street View Static API,9208-3D32-4342,0.08,0.00,0.00,-0.06,0.020000,0.02
2024-10,Maps Static API,CF79-2786-ADFC,0.13,0.00,0.00,-0.12,0.010000,0.01
2024-09,Compute Engine,6F81-5844-456A,50347.33,-5.80,-20469.87,-72.12,29799.540000,29799.54
2024-09,Cloud Storage,95FF-2EF5-5EA1,5935.00,0.00,0.00,0.00,5935.000000,5935.00
2024-09,Networking,E505-1604-58F8,3868.44,0.00,0.00,-260.48,3607.960000,3607.96
2024-09,Cloud SQL,9662-B51E-5089,6103.12,0.00,-2671.23,0.00,3431.890000,3431.89
2024-09,BigQuery,24E6-581D-38E5,2321.03,0.00,0.00,0.00,2321.030000,2321.03
2024-09,Cloud Memorystore for Redis,5AF5-2C11-D467,1070.99,0.00,0.00,0.00,1070.990000,1070.99
2024-09,Cloud Monitoring,58CD-E7C3-72CA,622.06,0.00,0.00,0.00,622.060000,622.06
2024-09,Cloud Logging,5490-F7B7-8DF6,563.24,0.00,0.00,0.00,563.240000,563.24
2024-09,Kubernetes Engine,CCD8-9BF1-090E,297.35,0.00,0.00,-24.81,272.540000,272.54
2024-09,BigQuery Storage API,DCC9-8DB9-673F,207.44,0.00,0.00,0.00,207.440000,207.44
2024-09,VM Manager,5E18-9A83-2867,144.30,0.00,0.00,0.00,144.300000,144.30
2024-09,Cloud DNS,FA26-5236-B8B5,71.08,0.00,0.00,0.00,71.080000,71.08
2024-09,Secret Manager,EE82-7A5E-871C,31.57,0.00,0.00,0.00,31.570000,31.57
2024-09,Cloud Pub/Sub,A1E8-BE35-7EBC,24.29,0.00,0.00,0.00,24.290000,24.29
2024-09,App Engine,F17B-412E-CB64,11.16,0.00,0.00,0.00,11.160000,11.16
2024-09,Container Registry Vulnerability Scanning,82AF-DE7A-51D0,5.36,0.00,0.00,0.00,5.360000,5.36
2024-09,Cloud Key Management Service (KMS),EE2F-D110-890C,4.98,0.00,0.00,0.00,4.980000,4.98
2024-09,Cloud Run Functions,29E7-DA93-CA13,2.34,0.00,0.00,-1.32,1.020000,1.02
2024-09,Artifact Registry,149C-F9EC-3994,0.49,0.00,0.00,0.00,0.490000,0.49
2024-09,Cloud Scheduler,1F14-4801-0E16,0.27,0.00,0.00,0.00,0.270000,0.27
2024-09,Vertex AI,C7E2-9256-1C43,0.09,0.00,0.00,0.00,0.090000,0.09
2024-09,Geocoding API,0AC2-4B25-C429,0.00,0.00,0.00,0.00,0.000000,0.00
2024-09,Maps API,1934-AA85-20F9,9.05,0.00,0.00,-9.23,-0.180000,-0.18
2024-09,Street View Static API,9208-3D32-4342,0.07,0.00,0.00,-0.07,0.000000,0.00
2024-09,Maps Static API,CF79-2786-ADFC,0.15,0.00,0.00,-0.16,-0.010000,-0.01
2024-08,Compute Engine,6F81-5844-456A,53848.09,-5.43,-23927.34,-73.47,29841.850000,29841.85
2024-08,BigQuery,24E6-581D-38E5,17984.56,0.00,0.00,0.00,17984.560000,17984.56
2024-08,Cloud Storage,95FF-2EF5-5EA1,5921.60,0.00,0.00,0.00,5921.600000,5921.60
2024-08,Networking,E505-1604-58F8,4173.77,0.00,0.00,-267.77,3906.000000,3906.00
2024-08,Cloud SQL,9662-B51E-5089,5391.23,0.00,-2601.63,0.00,2789.600000,2789.60
2024-08,Cloud Memorystore for Redis,5AF5-2C11-D467,1084.84,0.00,0.00,0.00,1084.840000,1084.84
2024-08,Cloud Monitoring,58CD-E7C3-72CA,645.13,0.00,0.00,0.00,645.130000,645.13
2024-08,Cloud Logging,5490-F7B7-8DF6,551.89,0.00,0.00,0.00,551.890000,551.89
2024-08,BigQuery Storage API,DCC9-8DB9-673F,342.85,0.00,0.00,0.00,342.850000,342.85
2024-08,Kubernetes Engine,CCD8-9BF1-090E,325.22,0.00,0.00,-26.40,298.820000,298.82
2024-08,VM Manager,5E18-9A83-2867,137.72,0.00,0.00,0.00,137.720000,137.72
2024-08,Cloud DNS,FA26-5236-B8B5,66.03,0.00,0.00,0.00,66.030000,66.03
2024-08,Secret Manager,EE82-7A5E-871C,33.35,0.00,0.00,0.00,33.350000,33.35
2024-08,Cloud Pub/Sub,A1E8-BE35-7EBC,27.68,0.00,0.00,0.00,27.680000,27.68
2024-08,App Engine,F17B-412E-CB64,12.26,0.00,0.00,0.00,12.260000,12.26
2024-08,Container Registry Vulnerability Scanning,82AF-DE7A-51D0,7.09,0.00,0.00,0.00,7.090000,7.09
2024-08,Cloud Key Management Service (KMS),EE2F-D110-890C,4.83,0.00,0.00,0.00,4.830000,4.83
2024-08,Cloud Run Functions,29E7-DA93-CA13,2.70,0.00,0.00,-1.36,1.340000,1.34
2024-08,Artifact Registry,149C-F9EC-3994,0.47,0.00,0.00,0.00,0.470000,0.47
2024-08,Cloud Scheduler,1F14-4801-0E16,0.28,0.00,0.00,0.00,0.280000,0.28
2024-08,Vertex AI,C7E2-9256-1C43,0.06,0.00,0.00,0.00,0.060000,0.06
2024-08,Geocoding API,0AC2-4B25-C429,0.01,0.00,0.00,-0.01,0.000000,0.00
2024-08,Maps API,1934-AA85-20F9,2.87,0.00,0.00,-3.10,-0.230000,-0.23
2024-08,Street View Static API,9208-3D32-4342,0.04,0.00,0.00,-0.04,0.000000,0.00
2024-08,Maps Static API,CF79-2786-ADFC,0.12,0.00,0.00,-0.11,0.010000,0.01
2024-08,Dataplex,51C6-B3F5-9B38,0.00,0.00,0.00,0.00,0.000000,0.00
2024-07,Compute Engine,6F81-5844-456A,52638.64,-4.74,-20588.14,-55.23,31990.530000,31990.53
2024-07,Cloud Storage,95FF-2EF5-5EA1,4821.93,0.00,0.00,0.00,4821.930000,4821.93
2024-07,Networking,E505-1604-58F8,4695.15,0.00,0.00,-243.17,4451.980000,4451.98
2024-07,Cloud SQL,9662-B51E-5089,5842.26,0.00,-2517.73,0.00,3324.530000,3324.53
2024-07,BigQuery,24E6-581D-38E5,1672.60,0.00,0.00,0.00,1672.600000,1672.60
2024-07,Cloud Memorystore for Redis,5AF5-2C11-D467,1127.48,0.00,0.00,0.00,1127.480000,1127.48
2024-07,Cloud Monitoring,58CD-E7C3-72CA,601.14,0.00,0.00,0.00,601.140000,601.14
2024-07,Cloud Logging,5490-F7B7-8DF6,515.08,0.00,0.00,0.00,515.080000,515.08
2024-07,Kubernetes Engine,CCD8-9BF1-090E,290.74,0.00,0.00,-22.81,267.930000,267.93
2024-07,BigQuery Storage API,DCC9-8DB9-673F,233.96,0.00,0.00,0.00,233.960000,233.96
2024-07,VM Manager,5E18-9A83-2867,144.27,0.00,0.00,0.00,144.270000,144.27
2024-07,Vertex AI,C7E2-9256-1C43,51.41,0.00,0.00,0.00,51.410000,51.41
2024-07,Cloud DNS,FA26-5236-B8B5,40.30,0.00,0.00,0.00,40.300000,40.30
2024-07,Secret Manager,EE82-7A5E-871C,26.57,0.00,0.00,0.00,26.570000,26.57
2024-07,Cloud Pub/Sub,A1E8-BE35-7EBC,27.16,0.00,0.00,0.00,27.160000,27.16
2024-07,App Engine,F17B-412E-CB64,12.91,0.00,0.00,0.00,12.910000,12.91
2024-07,Container Registry Vulnerability Scanning,82AF-DE7A-51D0,8.00,0.00,0.00,0.00,8.000000,8.00
2024-07,Cloud Key Management Service (KMS),EE2F-D110-890C,3.62,0.00,0.00,0.00,3.620000,3.62
2024-07,Cloud Run Functions,29E7-DA93-CA13,2.74,0.00,0.00,-1.51,1.230000,1.23
2024-07,Artifact Registry,149C-F9EC-3994,0.46,0.00,0.00,0.00,0.460000,0.46
2024-07,Cloud Scheduler,1F14-4801-0E16,0.26,0.00,0.00,0.00,0.260000,0.26
2024-07,Geocoding API,0AC2-4B25-C429,0.01,0.00,0.00,-0.01,0.000000,0.00
2024-07,Maps API,1934-AA85-20F9,7.10,0.00,0.00,-6.82,0.280000,0.28
2024-07,Street View Static API,9208-3D32-4342,0.05,0.00,0.00,-0.05,0.000000,0.00
2024-07,Maps Static API,CF79-2786-ADFC,0.11,0.00,0.00,-0.11,0.000000,0.00
2024-06,Compute Engine,6F81-5844-456A,52827.12,-6.83,-19614.25,-156.29,33049.750000,33049.75
2024-06,Cloud Storage,95FF-2EF5-5EA1,5052.64,0.00,0.00,0.00,5052.640000,5052.64
2024-06,Networking,E505-1604-58F8,4516.75,0.00,0.00,-260.00,4256.750000,4256.75
2024-06,Cloud SQL,9662-B51E-5089,4411.56,0.00,-1457.93,0.00,2953.630000,2953.63
2024-06,BigQuery,24E6-581D-38E5,1753.07,0.00,0.00,0.00,1753.070000,1753.07
2024-06,Cloud Memorystore for Redis,5AF5-2C11-D467,1299.39,0.00,0.00,0.00,1299.390000,1299.39
2024-06,Cloud Monitoring,58CD-E7C3-72CA,597.00,0.00,0.00,0.00,597.000000,597.00
2024-06,Cloud Logging,5490-F7B7-8DF6,526.74,0.00,0.00,0.00,526.740000,526.74
2024-06,Kubernetes Engine,CCD8-9BF1-090E,295.20,0.00,0.00,-23.96,271.240000,271.24
2024-06,BigQuery Storage API,DCC9-8DB9-673F,266.28,0.00,0.00,0.00,266.280000,266.28
2024-06,VM Manager,5E18-9A83-2867,121.52,0.00,0.00,0.00,121.520000,121.52
2024-06,Vertex AI,C7E2-9256-1C43,66.57,0.00,0.00,0.00,66.570000,66.57
2024-06,Cloud DNS,FA26-5236-B8B5,47.55,0.00,0.00,0.00,47.550000,47.55
2024-06,Secret Manager,EE82-7A5E-871C,29.71,0.00,0.00,0.00,29.710000,29.71
2024-06,Cloud Pub/Sub,A1E8-BE35-7EBC,24.05,0.00,0.00,0.00,24.050000,24.05
2024-06,App Engine,F17B-412E-CB64,10.61,0.00,0.00,0.00,10.610000,10.61
2024-06,Container Registry Vulnerability Scanning,82AF-DE7A-51D0,10.25,0.00,0.00,0.00,10.250000,10.25
2024-06,Cloud Key Management Service (KMS),EE2F-D110-890C,3.56,0.00,0.00,0.00,3.560000,3.56
2024-06,Cloud Run Functions,29E7-DA93-CA13,2.37,0.00,0.00,-1.32,1.050000,1.05
2024-06,Artifact Registry,149C-F9EC-3994,0.41,0.00,0.00,0.00,0.410000,0.41
2024-06,Cloud Scheduler,1F14-4801-0E16,0.33,0.00,0.00,0.00,0.330000,0.33
2024-06,Geocoding API,0AC2-4B25-C429,0.00,0.00,0.00,0.00,0.000000,0.00
2024-06,Maps API,1934-AA85-20F9,7.26,0.00,0.00,-8.10,-0.840000,-0.84
2024-06,Street View Static API,9208-3D32-4342,0.10,0.00,0.00,-0.09,0.010000,0.01
2024-06,Maps Static API,CF79-2786-ADFC,0.12,0.00,0.00,-0.14,-0.020000,-0.02
2024-05,Compute Engine,6F81-5844-456A,60461.28,-12.65,-19760.29,-448.96,40239.380000,40239.38
2024-05,Networking,E505-1604-58F8,5932.77,0.00,0.00,-257.27,5675.500000,5675.50
2024-05,Cloud Storage,95FF-2EF5-5EA1,4678.98,0.00,0.00,0.00,4678.980000,4678.98
2024-05,Cloud SQL,9662-B51E-5089,4794.69,0.00,-1687.23,0.00,3107.460000,3107.46
2024-05,BigQuery,24E6-581D-38E5,1992.24,0.00,0.00,0.00,1992.240000,1992.24
2024-05,Cloud Memorystore for Redis,5AF5-2C11-D467,1782.57,0.00,0.00,0.00,1782.570000,1782.57
2024-05,Cloud Monitoring,58CD-E7C3-72CA,625.34,0.00,0.00,0.00,625.340000,625.34
2024-05,Vertex AI,C7E2-9256-1C43,485.84,0.00,0.00,0.00,485.840000,485.84
2024-05,Cloud Logging,5490-F7B7-8DF6,447.10,0.00,0.00,0.00,447.100000,447.10
2024-05,Kubernetes Engine,CCD8-9BF1-090E,305.32,0.00,0.00,-27.20,278.120000,278.12
2024-05,BigQuery Storage API,DCC9-8DB9-673F,204.41,0.00,0.00,0.00,204.410000,204.41
2024-05,VM Manager,5E18-9A83-2867,160.61,0.00,0.00,-0.02,160.590000,160.59
2024-05,Cloud DNS,FA26-5236-B8B5,51.71,0.00,0.00,0.00,51.710000,51.71
2024-05,Secret Manager,EE82-7A5E-871C,26.55,0.00,0.00,0.00,26.550000,26.55
2024-05,Cloud Pub/Sub,A1E8-BE35-7EBC,27.93,0.00,0.00,0.00,27.930000,27.93
2024-05,App Engine,F17B-412E-CB64,10.81,0.00,0.00,0.00,10.810000,10.81
2024-05,Container Registry Vulnerability Scanning,82AF-DE7A-51D0,11.70,0.00,0.00,0.00,11.700000,11.70
2024-05,Cloud Key Management Service (KMS),EE2F-D110-890C,2.81,0.00,0.00,0.00,2.810000,2.81
2024-05,Cloud Run Functions,29E7-DA93-CA13,2.73,0.00,0.00,-1.62,1.110000,1.11
2024-05,Cloud Scheduler,1F14-4801-0E16,0.46,0.00,0.00,0.00,0.460000,0.46
2024-05,Artifact Registry,149C-F9EC-3994,0.33,0.00,0.00,0.00,0.330000,0.33
2024-05,Maps API,1934-AA85-20F9,5.74,0.00,0.00,-6.47,-0.730000,-0.73
2024-05,Street View Static API,9208-3D32-4342,0.11,0.00,0.00,-0.11,0.000000,0.00
2024-05,Maps Static API,CF79-2786-ADFC,0.14,0.00,0.00,-0.13,0.010000,0.01
2024-04,Compute Engine,6F81-5844-456A,63299.37,0.00,-25039.99,-839.78,37419.600000,37419.60
2024-04,Cloud Storage,95FF-2EF5-5EA1,7935.52,0.00,0.00,0.00,7935.520000,7935.52
2024-04,Networking,E505-1604-58F8,6265.24,0.00,0.00,-364.78,5900.460000,5900.46
2024-04,Cloud SQL,9662-B51E-5089,5468.97,0.00,-1503.03,0.00,3965.940000,3965.94
2024-04,Cloud Logging,5490-F7B7-8DF6,3060.11,0.00,0.00,0.00,3060.110000,3060.11
2024-04,BigQuery,24E6-581D-38E5,2508.96,0.00,0.00,0.00,2508.960000,2508.96
2024-04,Cloud Memorystore for Redis,5AF5-2C11-D467,1632.48,0.00,0.00,0.00,1632.480000,1632.48
2024-04,Vertex AI,C7E2-9256-1C43,792.19,0.00,0.00,0.00,792.190000,792.19
2024-04,Cloud Monitoring,58CD-E7C3-72CA,620.80,0.00,0.00,0.00,620.800000,620.80
2024-04,Kubernetes Engine,CCD8-9BF1-090E,376.68,0.00,0.00,-23.45,353.230000,353.23
2024-04,BigQuery Storage API,DCC9-8DB9-673F,232.85,0.00,0.00,0.00,232.850000,232.85
2024-04,VM Manager,5E18-9A83-2867,209.12,0.00,0.00,0.00,209.120000,209.12
2024-04,Cloud DNS,FA26-5236-B8B5,61.35,0.00,0.00,0.00,61.350000,61.35
2024-04,Cloud Pub/Sub,A1E8-BE35-7EBC,43.03,0.00,0.00,0.00,43.030000,43.03
2024-04,Secret Manager,EE82-7A5E-871C,27.03,0.00,0.00,0.00,27.030000,27.03
2024-04,Notebooks,D73B-5EEA-8215,25.47,0.00,0.00,0.00,25.470000,25.47
2024-04,Container Registry Vulnerability Scanning,82AF-DE7A-51D0,16.84,0.00,0.00,0.00,16.840000,16.84
2024-04,App Engine,F17B-412E-CB64,13.21,0.00,0.00,0.00,13.210000,13.21
2024-04,Cloud Key Management Service (KMS),EE2F-D110-890C,2.03,0.00,0.00,0.00,2.030000,2.03
2024-04,Cloud Run Functions,29E7-DA93-CA13,2.60,0.00,0.00,-1.43,1.170000,1.17
2024-04,Cloud Scheduler,1F14-4801-0E16,0.33,0.00,0.00,0.00,0.330000,0.33
2024-04,Artifact Registry,149C-F9EC-3994,0.28,0.00,0.00,0.00,0.280000,0.28
2024-04,Maps API,1934-AA85-20F9,11.10,0.00,0.00,-9.90,1.200000,1.20
2024-04,Street View Static API,9208-3D32-4342,0.07,0.00,0.00,-0.07,0.000000,0.00
2024-04,Maps Static API,CF79-2786-ADFC,0.14,0.00,0.00,-0.15,-0.010000,-0.01
2024-03,Compute Engine,6F81-5844-456A,60501.58,0.00,-25239.86,-1191.26,34070.460000,34070.46
2024-03,Cloud Storage,95FF-2EF5-5EA1,7611.03,0.00,0.00,0.00,7611.030000,7611.03
2024-03,Networking,E505-1604-58F8,5711.43,0.00,0.00,-342.10,5369.330000,5369.33
2024-03,Cloud Logging,5490-F7B7-8DF6,3672.45,0.00,0.00,0.00,3672.450000,3672.45
2024-03,Cloud SQL,9662-B51E-5089,5587.69,0.00,-1495.30,0.00,4092.390000,4092.39
2024-03,Cloud Memorystore for Redis,5AF5-2C11-D467,1802.26,0.00,0.00,0.00,1802.260000,1802.26
2024-03,BigQuery,24E6-581D-38E5,1903.31,0.00,0.00,0.00,1903.310000,1903.31
2024-03,Vertex AI,C7E2-9256-1C43,729.36,0.00,0.00,0.00,729.360000,729.36
2024-03,Cloud Monitoring,58CD-E7C3-72CA,602.15,0.00,0.00,0.00,602.150000,602.15
2024-03,Kubernetes Engine,CCD8-9BF1-090E,431.21,0.00,0.00,-26.99,404.220000,404.22
2024-03,BigQuery Storage API,DCC9-8DB9-673F,217.26,0.00,0.00,0.00,217.260000,217.26
2024-03,VM Manager,5E18-9A83-2867,188.04,0.00,0.00,0.00,188.040000,188.04
2024-03,Cloud DNS,FA26-5236-B8B5,61.80,0.00,0.00,0.00,61.800000,61.80
2024-03,Cloud Pub/Sub,A1E8-BE35-7EBC,40.96,0.00,0.00,0.00,40.960000,40.96
2024-03,Secret Manager,EE82-7A5E-871C,28.54,0.00,0.00,0.00,28.540000,28.54
2024-03,Notebooks,D73B-5EEA-8215,25.08,0.00,0.00,0.00,25.080000,25.08
2024-03,App Engine,F17B-412E-CB64,11.55,0.00,0.00,0.00,11.550000,11.55
2024-03,Container Registry Vulnerability Scanning,82AF-DE7A-51D0,10.14,0.00,0.00,0.00,10.140000,10.14
2024-03,Cloud Key Management Service (KMS),EE2F-D110-890C,1.39,0.00,0.00,0.00,1.390000,1.39
2024-03,Cloud Run Functions,29E7-DA93-CA13,2.59,0.00,0.00,-1.40,1.190000,1.19
2024-03,Cloud Scheduler,1F14-4801-0E16,0.34,0.00,0.00,0.00,0.340000,0.34
2024-03,Artifact Registry,149C-F9EC-3994,0.21,0.00,0.00,0.00,0.210000,0.21
2024-03,Maps API,1934-AA85-20F9,9.11,0.00,0.00,-8.65,0.460000,0.46
2024-03,Street View Static API,9208-3D32-4342,0.09,0.00,0.00,-0.09,0.000000,0.00
2024-03,Maps Static API,CF79-2786-ADFC,0.16,0.00,0.00,-0.17,-0.010000,-0.01
2024-02,Compute Engine,6F81-5844-456A,61589.50,0.00,-25544.74,-1836.81,34207.950000,34207.95
2024-02,Cloud Storage,95FF-2EF5-5EA1,8254.72,0.00,0.00,0.00,8254.720000,8254.72
2024-02,Networking,E505-1604-58F8,5461.31,0.00,0.00,-289.02,5172.290000,5172.29
2024-02,Cloud Logging,5490-F7B7-8DF6,3703.19,0.00,0.00,0.00,3703.190000,3703.19
2024-02,Cloud SQL,9662-B51E-5089,4876.05,0.00,-879.64,0.00,3996.410000,3996.41
2024-02,Cloud Memorystore for Redis,5AF5-2C11-D467,1836.26,0.00,0.00,0.00,1836.260000,1836.26
2024-02,BigQuery,24E6-581D-38E5,1824.98,0.00,0.00,0.00,1824.980000,1824.98
2024-02,Vertex AI,C7E2-9256-1C43,725.72,0.00,0.00,0.00,725.720000,725.72
2024-02,Cloud Monitoring,58CD-E7C3-72CA,507.86,0.00,0.00,0.00,507.860000,507.86
2024-02,Kubernetes Engine,CCD8-9BF1-090E,358.82,0.00,0.00,-27.26,331.560000,331.56
2024-02,BigQuery Storage API,DCC9-8DB9-673F,203.71,0.00,0.00,0.00,203.710000,203.71
2024-02,VM Manager,5E18-9A83-2867,191.48,0.00,0.00,0.00,191.480000,191.48
2024-02,Cloud DNS,FA26-5236-B8B5,58.26,0.00,0.00,0.00,58.260000,58.26
2024-02,Cloud Pub/Sub,A1E8-BE35-7EBC,44.75,0.00,0.00,0.00,44.750000,44.75
2024-02,Secret Manager,EE82-7A5E-871C,32.45,0.00,0.00,0.00,32.450000,32.45
2024-02,Notebooks,D73B-5EEA-8215,25.34,0.00,0.00,0.00,25.340000,25.34
2024-02,Container Registry Vulnerability Scanning,82AF-DE7A-51D0,16.95,0.00,0.00,0.00,16.950000,16.95
2024-02,App Engine,F17B-412E-CB64,11.04,0.00,0.00,0.00,11.040000,11.04
2024-02,Cloud Key Management Service (KMS),EE2F-D110-890C,1.23,0.00,0.00,0.00,1.230000,1.23
2024-02,Cloud Run Functions,29E7-DA93-CA13,1.95,0.00,0.00,-1.00,0.950000,0.95
2024-02,Cloud Scheduler,1F14-4801-0E16,0.32,0.00,0.00,0.00,0.320000,0.32
2024-02,Artifact Registry,149C-F9EC-3994,0.14,0.00,0.00,0.00,0.140000,0.14
2024-02,Maps API,1934-AA85-20F9,5.91,0.00,0.00,-6.04,-0.130000,-0.13
2024-02,Street View Static API,9208-3D32-4342,0.09,0.00,0.00,-0.07,0.020000,0.02
2024-02,Maps Static API,CF79-2786-ADFC,0.20,0.00,0.00,-0.19,0.010000,0.01
,,,,,Subtotal,1296397.26,1296397.26,
,,,,,Adjustments,-3.33,-3.17,
,,,,,Tax,238341.63,259322.08,
,,,,,Invoice total,1534735.56,1555716.17,
